frame_idx,t_sec,dt_cumavg_ms,motor_encoders_FL,motor_encoders_FR,motor_encoders_BL,motor_encoders_BR,motor_speeds_FL,motor_speeds_FR,motor_speeds_BL,motor_speeds_BR,pid_outputs_FL,pid_outputs_FR,pid_outputs_BL,pid_outputs_BR,desired_speed,actual_speed_fl,raw_v1_fl,estimated_velocity,kalman_v_pred,pendulum_angle_deg,lqr_force,kalman_theta_rad,kalman_v,kalman_x,x_ref,theta_ref_deg,sprint_active,pwm
1,1.8188163999584503,0.002,0.0,0.0,0.0,0.0,0.0,0.0,0.0,0.0,128.0,128.0,128.0,128.0,0.0,0.0,0.0,-0.0,0.0,1.35,15.627,0.023,-0.0,0.0,0.0,0.0,0,0.128
2,1.8306407000054605,2.76,0.0,0.0,0.0,0.0,0.0,0.0,0.0,0.0,147.0,147.0,147.0,147.0,0.049,0.0,0.0,0.001,0.009,1.35,3.109,0.023,0.001,-0.0,0.0,0.0,0,0.147
3,1.8348541999584995,2.821,0.0,0.0,0.001,0.001,0.024,0.024,0.032,0.056,139.0,139.0,122.0,-103.0,0.065,0.024,0.0,0.034,0.032,1.35,4.142,0.022,0.034,0.001,0.0,0.0,0,0.139
4,1.8502997999894433,3.0,0.001,0.001,0.001,0.001,0.055,0.055,0.032,0.056,97.0,-81.0,142.0,94.0,0.077,0.055,0.0,0.049,0.046,1.35,3.481,0.022,0.049,0.001,0.0,0.0,0,0.097
5,1.855755299970042,2.986,0.002,0.001,0.001,0.002,0.078,0.055,0.032,0.056,-89.0,137.0,225.0,177.0,0.096,0.078,0.237,0.055,0.058,1.35,3.546,0.021,0.055,0.002,0.0,0.0,0,-0.089
6,1.8722049999632873,2.987,0.002,0.001,0.002,0.002,0.047,0.024,0.04,0.016,157.0,205.0,-41.0,183.0,0.091,0.047,0.0,0.031,0.029,1.26,0.234,0.02,0.031,0.002,0.0,0.0,0,0.157
7,1.8888565999804996,2.962,0.003,0.002,0.003,0.003,0.056,0.024,0.055,0.017,0.0,214.0,32.0,228.0,0.103,0.056,0.237,0.037,0.029,1.26,3.727,0.02,0.037,0.002,0.0,0.0,0,0.0
8,1.8944271999644116,2.954,0.003,0.003,0.003,0.004,0.056,0.056,0.071,0.041,174.0,56.0,144.0,205.0,0.116,0.056,0.0,0.056,0.053,1.17,3.254,0.019,0.056,0.003,0.0,0.0,0,0.174
9,1.9110650999937207,2.996,0.004,0.004,0.004,0.004,0.055,0.087,0.055,0.04,228.0,-57.0,185.0,259.0,0.127,0.055,0.0,0.059,0.061,1.08,1.209,0.018,0.059,0.004,0.0,0.0,0,0.228
10,1.9163584999623708,2.981,0.005,0.005,0.005,0.005,0.049,0.111,0.064,0.064,229.0,-1.0,199.0,242.0,0.139,0.049,0.0,0.072,0.074,1.08,2.2,0.017,0.072,0.005,0.0,0.0,0,0.229
11,1.932194699998945,3.014,0.006,0.005,0.006,0.007,0.04,0.087,0.071,0.079,237.0,261.0,175.0,41.0,0.14,0.04,0.0,0.07,0.07,0.99,0.203,0.016,0.07,0.006,0.0,0.0,0,0.237
12,1.9365123999887146,3.008,0.008,0.005,0.007,0.008,0.079,0.047,0.095,0.095,145.0,283.0,188.0,189.0,0.146,0.079,0.237,0.08,0.086,0.9,1.191,0.014,0.08,0.007,0.0,0.0,0,0.145
13,1.9516345000010915,2.993,0.009,0.006,0.009,0.009,0.12,0.047,0.105,0.088,38.0,107.0,0.0,221.0,0.14,0.12,0.237,0.089,0.081,0.72,0.627,0.012,0.089,0.008,0.0,0.0,0,0.038
14,1.9675785999861546,2.988,0.01,0.009,0.01,0.01,0.112,0.159,0.105,0.12,244.0,-145.0,-39.0,-68.0,0.148,0.112,0.0,0.123,0.113,0.54,2.721,0.01,0.123,0.009,0.0,0.0,0,0.244
15,1.972296699997969,2.976,0.012,0.011,0.011,0.012,0.121,0.2,0.12,0.144,107.0,-110.0,-68.0,-116.0,0.152,0.121,0.237,0.145,0.135,0.45,1.397,0.008,0.145,0.011,0.0,0.0,0,0.107
16,1.9885055999620818,2.97,0.013,0.011,0.013,0.013,0.121,0.136,0.136,0.16,66.0,154.0,-141.0,-188.0,0.141,0.121,0.0,0.137,0.129,0.27,-1.864,0.005,0.137,0.013,0.0,0.0,0,0.066
17,1.9933448999654502,2.961,0.014,0.011,0.014,0.014,0.112,0.039,0.136,0.112,-45.0,280.0,-93.0,133.0,0.114,0.112,0.0,0.101,0.107,0.18,-4.2,0.003,0.101,0.014,0.0,0.0,0,-0.045
18,2.008862499962561,2.958,0.014,0.013,0.015,0.016,0.056,0.103,0.112,0.112,116.0,-155.0,122.0,-55.0,0.101,0.056,0.0,0.095,0.092,0.0,-1.702,0.0,0.095,0.014,0.0,0.0,0,0.116
19,2.028059199976269,2.954,0.015,0.016,0.015,0.017,0.032,0.193,0.056,0.112,282.0,-218.0,234.0,-56.0,0.099,0.032,0.0,0.099,0.11,-0.09,-1.536,-0.001,0.099,0.016,0.0,0.0,0,0.282
20,2.0329324000049382,2.95,0.017,0.017,0.016,0.018,0.097,0.137,0.056,0.112,-156.0,57.0,103.0,-69.0,0.092,0.097,0.237,0.1,0.099,-0.18,-1.179,-0.003,0.1,0.017,0.0,0.0,0,-0.156
21,2.037270799977705,2.947,0.019,0.016,0.019,0.018,0.161,0.009,0.129,0.064,-191.0,289.0,-246.0,178.0,0.082,0.161,0.0,0.091,0.094,-0.27,-2.191,-0.005,0.091,0.018,0.0,0.0,0,-0.191
22,2.0531437000026926,2.942,0.019,0.017,0.02,0.018,0.105,0.024,0.153,-0.0,47.0,-86.0,-344.0,140.0,0.06,0.105,0.0,0.069,0.06,-0.45,-2.991,-0.006,0.069,0.019,0.0,0.0,0,0.047
23,2.068733699969016,2.934,0.019,0.019,0.02,0.018,0.023,0.137,0.089,0.015,199.0,-444.0,66.0,-80.0,0.049,0.023,0.0,0.065,0.058,-0.45,-1.323,-0.007,0.065,0.019,0.0,0.0,0,0.199
24,2.073436099977698,2.928,0.019,0.021,0.02,0.02,-0.0,0.164,0.033,0.104,127.0,-145.0,58.0,-259.0,0.044,-0.0,0.0,0.075,0.074,-0.45,0.039,-0.008,0.075,0.02,0.0,0.0,0,0.127
25,2.0909863999695517,2.927,0.021,0.021,0.021,0.02,0.065,0.098,0.024,0.08,-215.0,-48.0,-134.0,50.0,0.035,0.065,0.237,0.066,0.064,-0.63,-2.487,-0.01,0.066,0.021,0.0,0.0,0,-0.215
26,2.099788299994543,2.928,0.023,0.02,0.021,0.02,0.119,-0.047,0.047,0.024,-370.0,376.0,-108.0,118.0,0.017,0.119,0.237,0.037,0.043,-0.63,-3.951,-0.01,0.037,0.021,0.0,0.0,0,-0.37
27,2.1220809999504127,2.926,0.023,0.02,0.021,0.02,0.072,-0.056,0.039,0.024,105.0,123.0,-125.0,-93.0,-0.002,0.072,-0.237,0.021,0.028,-0.72,-3.204,-0.011,0.021,0.021,0.0,0.0,0,0.105
28,2.131076399993617,2.926,0.023,0.021,0.021,0.021,0.032,-0.0,0.015,0.047,-107.0,-161.0,-73.0,-137.0,-0.009,0.032,0.0,0.023,0.015,-0.72,-0.126,-0.012,0.023,0.021,0.0,0.0,0,-0.107
29,2.1360476999543607,2.926,0.023,0.023,0.021,0.02,-0.024,0.096,0.0,0.024,49.0,-368.0,-57.0,-104.0,-0.016,-0.024,0.0,0.023,0.016,-0.72,-0.073,-0.012,0.023,0.022,0.0,0.0,0,0.049
30,2.1401964999968186,2.922,0.023,0.022,0.021,0.02,0.024,0.064,0.0,0.0,-101.0,-183.0,-54.0,-53.0,-0.016,0.024,0.0,0.022,0.023,-0.63,0.3,-0.011,0.022,0.022,0.0,0.0,0,-0.101
31,2.15600799996173,2.916,0.022,0.02,0.021,0.02,-0.009,-0.09,0.0,0.0,-107.0,349.0,-126.0,-244.0,-0.038,-0.009,0.0,-0.025,-0.023,-0.63,-4.102,-0.011,-0.025,0.021,0.0,0.0,0,-0.107
32,2.174581999948714,2.914,0.021,0.019,0.02,0.02,-0.074,-0.107,-0.024,-0.009,176.0,-54.0,75.0,-132.0,-0.056,-0.074,0.0,-0.053,-0.052,-0.54,-2.185,-0.01,-0.053,0.02,0.0,0.0,0,0.176
33,2.1806624999735504,2.911,0.02,0.02,0.02,0.019,-0.089,-0.032,-0.047,-0.018,230.0,-297.0,147.0,-90.0,-0.053,-0.089,-0.237,-0.047,-0.046,-0.54,0.869,-0.009,-0.047,0.02,0.0,0.0,0,0.23
34,2.1982679999782704,2.91,0.02,0.019,0.019,0.019,-0.024,0.009,-0.071,-0.017,-157.0,74.0,115.0,-51.0,-0.037,-0.024,0.0,-0.025,-0.023,-0.45,1.954,-0.008,-0.025,0.019,0.0,0.0,0,-0.157
35,2.202714599960018,2.909,0.02,0.018,0.019,0.018,-0.024,-0.056,-0.047,-0.017,-48.0,193.0,58.0,-62.0,-0.035,-0.024,0.0,-0.035,-0.029,-0.36,-0.308,-0.006,-0.035,0.019,0.0,0.0,0,-0.048
36,2.2198353999992833,2.906,0.02,0.018,0.018,0.018,-0.024,-0.089,-0.056,-0.018,-46.0,143.0,197.0,-58.0,-0.034,-0.024,0.0,-0.046,-0.039,-0.27,-0.186,-0.005,-0.046,0.019,0.0,0.0,0,-0.046
37,2.224148199951742,2.906,0.02,0.019,0.018,0.018,-0.024,0.023,-0.033,-0.017,87.0,-185.0,105.0,74.0,-0.013,-0.024,0.0,-0.013,-0.014,-0.09,4.771,-0.003,-0.013,0.018,0.0,0.0,0,0.087
38,2.2416312999557704,2.903,0.019,0.019,0.019,0.018,-0.047,0.065,0.0,-0.009,167.0,-117.0,73.0,89.0,0.007,-0.047,0.0,0.003,0.007,0.0,3.729,-0.002,0.003,0.019,0.0,0.0,0,0.167
39,2.246602899977006,2.901,0.019,0.018,0.019,0.018,-0.024,-0.023,0.032,0.024,123.0,240.0,-48.0,-1.0,0.019,-0.024,0.0,0.003,0.011,0.0,0.498,-0.001,0.003,0.019,0.0,0.0,0,0.123
40,2.268880999996327,2.898,0.019,0.016,0.019,0.018,0.0,-0.122,0.032,0.033,-104.0,435.0,-51.0,-53.0,0.018,0.0,0.0,-0.014,-0.014,0.09,0.395,0.0,-0.014,0.018,0.0,0.0,0,-0.104
41,2.278818999999203,2.897,0.019,0.016,0.019,0.018,0.0,-0.089,-0.009,0.033,91.0,152.0,108.0,-36.0,0.021,0.0,0.0,-0.017,-0.021,0.18,2.24,0.002,-0.017,0.018,0.0,0.0,0,0.091
42,2.2851753999711946,2.905,0.02,0.018,0.018,0.018,0.024,0.016,-0.017,-0.032,-112.0,-187.0,146.0,339.0,0.03,0.024,0.237,-0.003,-0.009,0.18,2.812,0.002,-0.003,0.018,0.0,0.0,0,-0.112
43,2.2907153999549337,2.905,0.02,0.019,0.02,0.018,0.024,0.104,0.048,-0.032,120.0,-99.0,-151.0,229.0,0.052,0.024,0.0,0.036,0.032,0.18,4.171,0.003,0.036,0.019,0.0,0.0,0,0.12
44,2.307415099989157,2.903,0.02,0.019,0.02,0.019,0.024,0.064,0.056,0.041,133.0,249.0,0.0,-120.0,0.067,0.024,0.0,0.047,0.049,0.18,1.598,0.003,0.047,0.019,0.0,0.0,0,0.133
45,2.311932999989949,2.903,0.02,0.018,0.02,0.02,0.009,-0.08,0.056,0.097,125.0,420.0,0.0,-231.0,0.059,0.009,0.0,0.02,0.018,0.18,-1.944,0.002,0.02,0.02,0.0,0.0,0,0.125
46,2.326874599966686,2.901,0.021,0.018,0.02,0.02,0.018,-0.065,0.009,0.08,108.0,156.0,125.0,-77.0,0.052,0.018,0.0,0.009,0.003,0.18,0.162,0.002,0.009,0.02,0.0,0.0,0,0.108
47,2.3445384999504313,2.901,0.021,0.019,0.02,0.02,0.017,0.047,0.0,0.024,132.0,-221.0,166.0,117.0,0.058,0.017,0.0,0.021,0.011,0.18,2.159,0.002,0.021,0.02,0.0,0.0,0,0.132
48,2.348887800006196,2.899,0.022,0.021,0.022,0.02,0.017,0.169,0.056,-0.009,186.0,-294.0,-71.0,236.0,0.078,0.017,0.0,0.057,0.05,0.18,4.196,0.002,0.057,0.021,0.0,0.0,0,0.186
49,2.366437599994242,2.898,0.023,0.022,0.022,0.021,0.041,0.121,0.065,0.038,-36.0,99.0,93.0,-32.0,0.088,0.041,0.237,0.066,0.062,0.18,1.357,0.002,0.066,0.022,0.0,0.0,0,-0.036
50,2.37086729996372,2.897,0.023,0.021,0.023,0.023,0.056,0.047,0.089,0.136,126.0,260.0,-119.0,-214.0,0.093,0.056,0.0,0.081,0.076,0.18,1.929,0.001,0.081,0.023,0.0,0.0,0,0.126
51,2.387462999962736,2.897,0.024,0.022,0.024,0.024,0.071,0.023,0.056,0.145,80.0,174.0,108.0,-130.0,0.091,0.071,0.0,0.074,0.073,0.09,0.109,0.001,0.074,0.023,0.0,0.0,0,0.08
52,2.391601199982688,2.896,0.024,0.025,0.025,0.025,0.047,0.129,0.08,0.103,160.0,-183.0,93.0,162.0,0.101,0.047,0.0,0.09,0.092,0.09,1.877,0.0,0.09,0.024,0.0,0.0,0,0.16
53,2.4080026999581605,2.894,0.024,0.026,0.026,0.024,0.024,0.145,0.089,0.024,172.0,-131.0,-139.0,286.0,0.093,0.024,0.237,0.07,0.068,0.0,-1.17,-0.0,0.07,0.025,0.0,0.0,0,0.172
54,2.4137345000053756,2.893,0.027,0.026,0.027,0.025,0.112,0.071,0.089,0.009,-177.0,199.0,44.0,203.0,0.09,0.112,0.237,0.07,0.07,0.0,0.459,-0.001,0.07,0.026,0.0,0.0,0,-0.177
55,2.4333576999488287,2.892,0.027,0.026,0.027,0.027,0.13,0.024,0.08,0.097,-87.0,182.0,70.0,-144.0,0.091,0.13,0.0,0.082,0.076,-0.09,1.306,-0.002,0.082,0.027,0.0,0.0,0,-0.087
56,2.437789999996312,2.893,0.028,0.027,0.028,0.029,0.097,0.047,0.079,0.152,33.0,-47.0,-111.0,-141.0,0.091,0.097,0.237,0.092,0.081,-0.18,0.554,-0.003,0.092,0.028,0.0,0.0,0,0.033
57,2.45432229997823,2.893,0.029,0.029,0.029,0.03,0.056,0.159,0.111,0.12,118.0,-387.0,-173.0,104.0,0.089,0.056,0.0,0.11,0.098,-0.27,1.43,-0.004,0.11,0.029,0.0,0.0,0,0.118
58,2.45887579995906,2.893,0.029,0.03,0.03,0.03,0.071,0.153,0.112,0.064,50.0,-56.0,-211.0,59.0,0.082,0.071,0.0,0.1,0.098,-0.36,-2.028,-0.006,0.1,0.03,0.0,0.0,0,0.05
59,2.477481199952308,2.893,0.03,0.03,0.03,0.031,0.056,0.088,0.056,0.041,-47.0,63.0,128.0,38.0,0.058,0.056,0.0,0.061,0.066,-0.45,-5.337,-0.007,0.061,0.031,0.0,0.0,0,-0.047
60,2.4841850999509916,2.893,0.03,0.03,0.03,0.031,0.017,-0.024,0.0,0.008,129.0,88.0,42.0,-36.0,0.02,0.017,0.0,0.0,-0.003,-0.54,-6.115,-0.009,0.0,0.031,0.0,0.0,0,0.129
61,2.505394699983299,2.894,0.031,0.031,0.031,0.032,0.04,0.008,0.008,0.032,-181.0,-119.0,60.0,-49.0,0.017,0.04,0.237,0.021,0.009,-0.63,0.319,-0.01,0.021,0.031,0.0,0.0,0,-0.181
62,2.516252200002782,2.894,0.032,0.032,0.032,0.032,0.064,0.088,0.072,0.032,-79.0,-366.0,-215.0,40.0,0.027,0.064,0.0,0.062,0.047,-0.72,2.236,-0.011,0.062,0.032,0.0,0.0,0,-0.079
63,2.520623099990189,2.895,0.032,0.033,0.033,0.032,0.056,0.103,0.072,0.024,-95.0,-193.0,47.0,143.0,0.024,0.056,0.0,0.065,0.075,-0.72,-2.256,-0.012,0.065,0.033,0.0,0.0,0,-0.095
64,2.5379119999706745,2.895,0.032,0.031,0.032,0.032,0.0,-0.008,-0.0,0.024,110.0,243.0,109.0,-118.0,-0.002,0.0,0.0,0.006,0.022,-0.72,-7.159,-0.012,0.006,0.032,0.0,0.0,0,0.11
65,2.5428920999984257,2.895,0.033,0.03,0.031,0.032,0.024,-0.088,-0.041,0.0,-122.0,276.0,63.0,99.0,-0.019,0.024,0.0,-0.025,-0.017,-0.63,-2.966,-0.012,-0.025,0.032,0.0,0.0,0,-0.122
66,2.562204899964854,2.896,0.033,0.031,0.031,0.032,0.024,-0.024,-0.056,-0.024,-88.0,-231.0,129.0,63.0,-0.018,0.024,0.0,-0.021,-0.032,-0.54,2.513,-0.01,-0.021,0.032,0.0,0.0,0,-0.088
67,2.5677876999834552,2.896,0.031,0.033,0.032,0.032,-0.041,0.064,0.024,-0.024,261.0,-126.0,-45.0,106.0,0.001,-0.041,0.0,0.007,0.017,-0.45,3.115,-0.009,0.007,0.032,0.0,0.0,0,0.261
68,2.586239999975078,2.903,0.031,0.033,0.033,0.033,-0.041,0.08,0.039,0.008,163.0,-98.0,-56.0,-114.0,0.014,-0.041,0.0,0.021,0.02,-0.36,2.253,-0.008,0.021,0.032,0.0,0.0,0,0.163
69,2.591408299980685,2.902,0.031,0.031,0.032,0.033,-0.024,-0.017,0.006,0.04,-1.0,257.0,169.0,-78.0,0.016,-0.024,0.0,0.002,0.011,-0.36,-1.4,-0.007,0.002,0.032,0.0,0.0,0,-0.001
70,2.6104691999498755,2.902,0.033,0.029,0.031,0.033,0.064,-0.105,-0.056,0.009,-246.0,269.0,246.0,77.0,0.012,0.064,0.237,-0.022,-0.023,-0.27,-0.493,-0.006,-0.022,0.032,0.0,0.0,0,-0.246
71,2.616200899996329,2.908,0.033,0.03,0.031,0.031,0.064,-0.064,-0.055,-0.078,-114.0,115.0,139.0,388.0,0.015,0.064,0.0,-0.033,-0.03,-0.18,0.508,-0.004,-0.033,0.031,0.0,0.0,0,-0.114
72,2.6200849000015296,2.913,0.033,0.032,0.032,0.031,0.057,0.046,0.0,-0.078,-34.0,-250.0,-40.0,293.0,0.033,0.057,0.0,0.004,-0.008,-0.18,5.142,-0.003,0.004,0.031,0.0,0.0,0,-0.034
73,2.637491300003603,2.913,0.032,0.033,0.033,0.032,-0.04,0.103,0.064,-0.031,373.0,-91.0,47.0,236.0,0.057,-0.04,0.0,0.026,0.036,0.0,3.288,-0.002,0.026,0.032,0.0,0.0,0,0.373
74,2.6422011999529786,2.914,0.032,0.032,0.033,0.034,-0.008,0.04,0.064,0.111,179.0,313.0,110.0,-201.0,0.072,-0.008,0.0,0.053,0.059,-0.09,2.443,-0.002,0.053,0.033,0.0,0.0,0,0.179
75,2.6594101999653503,2.913,0.035,0.032,0.034,0.035,0.097,-0.047,0.024,0.096,-295.0,288.0,147.0,119.0,0.074,0.097,0.237,0.042,0.037,0.0,0.863,-0.001,0.042,0.033,0.0,0.0,0,-0.295
76,2.665729400003329,2.914,0.035,0.033,0.035,0.035,0.121,0.0,0.056,0.064,-207.0,94.0,102.0,200.0,0.08,0.121,0.237,0.06,0.055,-0.09,1.82,-0.002,0.06,0.034,0.0,0.0,0,-0.207
77,2.6870953000034206,2.915,0.036,0.035,0.035,0.036,0.079,0.134,0.087,0.04,77.0,-330.0,-117.0,154.0,0.086,0.079,0.237,0.083,0.069,-0.09,3.42,-0.002,0.083,0.035,0.0,0.0,0,0.077
78,2.6939838999533094,2.924,0.037,0.036,0.036,0.037,0.085,0.147,0.062,0.044,-139.0,-144.0,127.0,160.0,0.088,0.085,0.237,0.084,0.083,-0.18,-1.139,-0.003,0.084,0.036,0.0,0.0,0,-0.139
79,2.716050399991218,2.924,0.038,0.035,0.037,0.038,0.086,0.06,0.062,0.092,-125.0,144.0,-77.0,-139.0,0.078,0.086,0.237,0.074,0.064,-0.27,-2.017,-0.005,0.074,0.037,0.0,0.0,0,-0.125
80,2.724209299951326,2.923,0.037,0.035,0.038,0.039,0.032,-0.056,0.064,0.079,206.0,295.0,-154.0,-36.0,0.056,0.032,-0.237,0.03,0.034,-0.36,-5.401,-0.006,0.03,0.037,0.0,0.0,0,0.206
81,2.728317999979481,2.923,0.038,0.035,0.038,0.039,0.024,-0.008,0.056,0.056,96.0,43.0,32.0,149.0,0.052,0.024,0.0,0.032,0.031,-0.36,-0.252,-0.006,0.032,0.038,0.0,0.0,0,0.096
82,2.7477178999688476,2.923,0.039,0.037,0.037,0.039,0.032,0.112,0.0,0.008,76.0,-378.0,140.0,240.0,0.05,0.032,0.0,0.037,0.03,-0.45,-0.355,-0.007,0.037,0.038,0.0,0.0,0,0.076
83,2.761612799949944,2.923,0.039,0.038,0.038,0.041,0.064,0.105,0.008,0.056,38.0,75.0,150.0,-125.0,0.06,0.064,0.0,0.059,0.06,-0.45,0.945,-0.008,0.059,0.039,0.0,0.0,0,0.038
84,2.7703983999672346,2.922,0.04,0.037,0.04,0.042,0.056,-0.007,0.073,0.088,-149.0,391.0,-182.0,-97.0,0.054,0.056,0.237,0.052,0.05,-0.54,-1.336,-0.008,0.052,0.04,0.0,0.0,0,-0.149
85,2.7912023999961093,2.928,0.04,0.037,0.04,0.042,0.047,-0.055,0.072,0.08,60.0,306.0,-48.0,-67.0,0.043,0.047,0.0,0.037,0.045,-0.54,-2.561,-0.009,0.037,0.04,0.0,0.0,0,0.06
86,2.8057572999969125,2.928,0.04,0.037,0.039,0.041,0.047,-0.046,-0.001,-0.0,-87.0,161.0,154.0,106.0,0.025,0.047,0.0,0.0,0.003,-0.54,-3.972,-0.009,0.0,0.04,0.0,0.0,0,-0.087
87,2.8114388999529183,2.928,0.04,0.039,0.039,0.041,0.024,0.072,-0.032,-0.032,69.0,-241.0,218.0,178.0,0.032,0.024,0.0,0.007,0.003,-0.45,1.771,-0.008,0.007,0.04,0.0,0.0,0,0.069
88,2.815210599976126,2.935,0.04,0.041,0.04,0.042,0.017,0.107,0.007,0.005,-52.0,-191.0,106.0,0.0,0.045,0.017,0.237,0.032,0.019,-0.36,4.383,-0.007,0.032,0.04,0.0,0.0,0,-0.052
89,2.8189274999895133,2.941,0.04,0.042,0.042,0.043,0.017,0.114,0.051,0.042,161.0,-93.0,94.0,109.0,0.065,0.017,0.0,0.057,0.061,-0.27,3.557,-0.006,0.057,0.041,0.0,0.0,0,0.161
90,2.8346443999907933,2.939,0.041,0.04,0.042,0.043,0.041,-0.015,0.051,0.051,88.0,435.0,68.0,65.0,0.065,0.041,0.0,0.034,0.045,-0.18,-0.731,-0.005,0.034,0.042,0.0,0.0,0,0.088
91,2.8421231999527663,2.939,0.041,0.039,0.042,0.044,0.032,-0.097,0.008,0.008,81.0,493.0,234.0,196.0,0.059,0.032,0.0,-0.01,0.004,-0.09,-2.661,-0.004,-0.01,0.042,0.0,0.0,0,0.081
92,2.8522132999496534,2.945,0.042,0.04,0.043,0.044,0.039,-0.049,0.039,0.032,150.0,120.0,32.0,43.0,0.075,0.039,0.0,0.013,-0.004,0.0,5.62,-0.003,0.013,0.042,0.0,0.0,0,0.15
93,2.881440399971325,2.945,0.044,0.042,0.043,0.044,0.07,0.094,0.031,0.047,197.0,-108.0,277.0,241.0,0.107,0.07,0.0,0.061,0.066,0.0,5.959,-0.001,0.061,0.043,0.0,0.0,0,0.197
94,2.8913379999576136,2.952,0.044,0.044,0.044,0.045,0.084,0.161,0.061,0.054,148.0,-184.0,195.0,205.0,0.125,0.084,0.0,0.09,0.087,0.0,3.412,-0.001,0.09,0.044,0.0,0.0,0,0.148
95,2.90363499999512,2.956,0.045,0.044,0.045,0.046,0.108,0.131,0.061,0.061,101.0,175.0,195.0,311.0,0.133,0.108,0.0,0.092,0.105,0.0,0.836,-0.001,0.092,0.045,0.0,0.0,0,0.101
96,2.908461199956946,2.96,0.046,0.044,0.046,0.047,0.075,0.06,0.092,0.069,260.0,292.0,110.0,273.0,0.128,0.075,0.0,0.076,0.092,0.0,-1.538,-0.001,0.076,0.046,0.0,0.0,0,0.26
97,2.9122743000043556,2.959,0.048,0.044,0.047,0.048,0.103,0.04,0.103,0.103,126.0,135.0,128.0,125.0,0.135,0.103,0.0,0.087,0.082,0.0,2.568,-0.002,0.087,0.047,0.0,0.0,0,0.126
98,2.916038099967409,2.963,0.049,0.047,0.049,0.05,0.111,0.11,0.111,0.111,129.0,-45.0,131.0,128.0,0.145,0.111,0.0,0.11,0.106,-0.09,2.191,-0.002,0.11,0.048,0.0,0.0,0,0.129
99,2.9325437999796122,2.962,0.051,0.051,0.051,0.052,0.128,0.233,0.128,0.128,114.0,-241.0,116.0,113.0,0.167,0.128,0.237,0.153,0.146,-0.18,3.439,-0.004,0.153,0.05,0.0,0.0,0,0.114
100,2.9365400999668054,2.961,0.053,0.052,0.053,0.053,0.154,0.204,0.169,0.154,53.0,-69.0,-34.0,171.0,0.177,0.154,0.237,0.17,0.17,-0.27,0.521,-0.005,0.17,0.053,0.0,0.0,0,0.053
101,2.9540613999706693,2.96,0.055,0.053,0.054,0.055,0.152,0.12,0.191,0.152,175.0,121.0,-197.0,55.0,0.165,0.152,0.0,0.154,0.152,-0.36,-2.337,-0.007,0.154,0.055,0.0,0.0,0,0.175
102,2.9599488999811,2.96,0.057,0.054,0.057,0.057,0.159,0.087,0.199,0.167,0.0,175.0,-106.0,-45.0,0.155,0.159,0.237,0.153,0.15,-0.54,-1.201,-0.009,0.153,0.056,0.0,0.0,0,0.0
103,2.9809034999925643,2.96,0.059,0.056,0.059,0.059,0.159,0.119,0.174,0.166,128.0,-87.0,98.0,-66.0,0.147,0.159,0.0,0.155,0.159,-0.72,-2.141,-0.012,0.155,0.058,0.0,0.0,0,0.128
104,2.98725809995085,2.963,0.061,0.059,0.059,0.061,0.158,0.166,0.142,0.174,127.0,-144.0,120.0,-45.0,0.144,0.158,0.0,0.161,0.167,-0.81,-1.851,-0.014,0.161,0.06,0.0,0.0,0,0.127
105,3.011538999970071,2.963,0.063,0.062,0.061,0.062,0.167,0.222,0.135,0.119,-146.0,-254.0,-79.0,128.0,0.129,0.167,0.237,0.16,0.155,-1.08,-3.045,-0.016,0.16,0.062,0.0,0.0,0,-0.146
106,3.023577199957799,2.966,0.065,0.062,0.064,0.063,0.159,0.206,0.181,0.134,-222.0,-79.0,-384.0,-55.0,0.117,0.159,0.237,0.168,0.154,-1.17,-1.147,-0.019,0.168,0.064,0.0,0.0,0,-0.222
107,3.034299499995541,2.97,0.067,0.062,0.066,0.065,0.173,0.104,0.243,0.14,-306.0,250.0,-443.0,-240.0,0.098,0.173,0.237,0.164,0.154,-1.35,-3.477,-0.021,0.164,0.065,0.0,0.0,0,-0.306
108,3.0412691999808885,2.973,0.068,0.062,0.066,0.066,0.156,0.055,0.187,0.116,-116.0,147.0,-177.0,-154.0,0.068,0.156,0.0,0.13,0.14,-1.44,-6.814,-0.023,0.13,0.066,0.0,0.0,0,-0.116
109,3.046395199955441,2.977,0.068,0.064,0.066,0.066,0.124,0.038,0.109,0.084,-249.0,104.0,-100.0,-50.0,0.032,0.124,0.0,0.09,0.099,-1.62,-7.773,-0.026,0.09,0.067,0.0,0.0,0,-0.249
110,3.053630599984899,2.98,0.068,0.065,0.066,0.066,0.062,0.077,0.04,0.039,-64.0,-329.0,-138.0,-135.0,-0.002,0.062,0.0,0.054,0.047,-1.71,-6.019,-0.027,0.054,0.067,0.0,0.0,0,-0.064
111,3.0605221999576315,2.98,0.068,0.066,0.066,0.067,0.007,0.086,0.016,0.015,-113.0,-267.0,-130.0,-129.0,-0.028,0.007,0.0,0.031,0.026,-1.71,-4.176,-0.028,0.031,0.067,0.0,0.0,0,-0.113
112,3.078887899988331,2.98,0.068,0.065,0.066,0.067,0.0,0.008,0.024,0.008,-133.0,108.0,-179.0,-148.0,-0.046,0.0,0.0,0.011,0.016,-1.71,-3.747,-0.028,0.011,0.067,0.0,0.0,0,-0.133
113,3.083448499965016,2.979,0.068,0.065,0.066,0.066,0.0,-0.047,0.0,-0.008,-155.0,-59.0,-155.0,-138.0,-0.06,0.0,0.0,-0.014,-0.018,-1.62,-2.599,-0.027,-0.014,0.067,0.0,0.0,0,-0.155
114,3.103205599996727,2.981,0.068,0.064,0.066,0.066,-0.024,-0.055,-0.008,-0.016,69.0,-43.0,-139.0,-122.0,-0.065,-0.024,-0.237,-0.025,-0.021,-1.53,-1.231,-0.026,-0.025,0.066,0.0,0.0,0,0.069
115,3.109118899970781,2.98,0.067,0.064,0.065,0.065,-0.033,-0.04,-0.04,-0.04,-103.0,-84.0,-86.0,49.0,-0.071,-0.033,0.0,-0.038,-0.035,-1.44,-1.047,-0.024,-0.038,0.065,0.0,0.0,0,-0.103
116,3.113629699975718,2.985,0.066,0.063,0.064,0.064,-0.046,-0.04,-0.071,-0.047,-68.0,-76.0,160.0,-65.0,-0.069,-0.046,0.0,-0.05,-0.044,-1.26,-0.444,-0.022,-0.05,0.065,0.0,0.0,0,-0.068
117,3.1350500999833457,2.984,0.065,0.063,0.063,0.063,-0.045,-0.032,-0.062,-0.062,-91.0,-115.0,-56.0,122.0,-0.063,-0.045,0.0,-0.051,-0.052,-1.08,1.479,-0.02,-0.051,0.064,0.0,0.0,0,-0.091
118,3.1505017000017688,2.987,0.065,0.062,0.063,0.063,-0.053,-0.063,-0.046,-0.046,38.0,180.0,-33.0,-152.0,-0.058,-0.053,0.0,-0.052,-0.051,-0.99,1.44,-0.018,-0.052,0.063,0.0,0.0,0,0.038
119,3.157810599950608,2.986,0.065,0.062,0.062,0.063,-0.031,-0.055,-0.04,-0.031,-60.0,49.0,135.0,-59.0,-0.042,-0.031,0.0,-0.039,-0.039,-0.72,3.511,-0.015,-0.039,0.063,0.0,0.0,0,-0.06
120,3.162245699961204,2.993,0.065,0.062,0.062,0.062,-0.008,-0.055,-0.046,-0.037,-51.0,106.0,86.0,69.0,-0.032,-0.008,0.0,-0.036,-0.034,-0.54,2.769,-0.012,-0.036,0.062,0.0,0.0,0,-0.051
121,3.186595099978149,2.996,0.063,0.062,0.062,0.062,-0.039,0.008,-0.03,-0.037,235.0,-270.0,101.0,115.0,-0.012,-0.039,-0.237,-0.025,-0.026,-0.45,3.821,-0.01,-0.025,0.062,0.0,0.0,0,0.235
122,3.2048948999727145,2.995,0.062,0.062,0.062,0.062,-0.071,0.031,-0.014,-0.037,233.0,0.0,-59.0,166.0,0.011,-0.071,0.0,-0.023,-0.024,-0.18,4.466,-0.006,-0.023,0.062,0.0,0.0,0,0.233
123,3.2124856999726035,3.0,0.063,0.062,0.062,0.062,-0.047,0.025,-0.008,-0.008,98.0,73.0,138.0,-40.0,0.027,-0.047,0.237,-0.01,-0.018,-0.09,4.211,-0.004,-0.01,0.062,0.0,0.0,0,0.098
124,3.2167730999644846,3.003,0.064,0.062,0.062,0.062,0.006,0.01,-0.015,0.0,1.0,143.0,193.0,162.0,0.046,0.006,0.0,0.0,-0.001,0.09,4.455,-0.002,0.0,0.062,0.0,0.0,0,0.001
125,3.220500700001139,3.007,0.064,0.062,0.062,0.062,0.038,0.034,0.024,0.024,144.0,35.0,174.0,55.0,0.069,0.038,0.0,0.029,0.023,0.18,6.571,0.0,0.029,0.062,0.0,0.0,0,0.144
126,3.224454599956516,3.007,0.064,0.063,0.063,0.062,0.014,0.064,0.047,0.032,343.0,126.0,159.0,190.0,0.094,0.014,0.0,0.041,0.051,0.27,3.538,0.002,0.041,0.063,0.0,0.0,0,0.343
127,3.247220799967181,3.006,0.064,0.064,0.063,0.063,0.0,0.079,0.071,0.063,281.0,-55.0,139.0,154.0,0.109,0.0,0.0,0.053,0.051,0.27,3.125,0.003,0.053,0.064,0.0,0.0,0,0.281
128,3.2512077999999747,3.005,0.066,0.064,0.064,0.064,0.088,0.056,0.08,0.064,-41.0,320.0,153.0,66.0,0.124,0.088,0.237,0.072,0.069,0.27,3.297,0.003,0.072,0.065,0.0,0.0,0,-0.041
129,3.266927399963606,3.005,0.068,0.064,0.066,0.065,0.128,0.047,0.088,0.088,80.0,241.0,160.0,161.0,0.137,0.128,0.0,0.088,0.091,0.27,2.536,0.003,0.088,0.066,0.0,0.0,0,0.08
130,3.270812799979467,3.008,0.069,0.065,0.067,0.066,0.142,0.055,0.11,0.087,135.0,225.0,38.0,204.0,0.141,0.142,0.0,0.099,0.102,0.18,1.22,0.002,0.099,0.067,0.0,0.0,0,0.135
131,3.2888981999712996,3.007,0.07,0.068,0.068,0.068,0.096,0.128,0.135,0.096,238.0,-82.0,-57.0,199.0,0.147,0.096,0.0,0.113,0.111,0.09,1.779,0.001,0.113,0.068,0.0,0.0,0,0.238
132,3.29483369999798,3.006,0.071,0.071,0.07,0.069,0.105,0.194,0.136,0.105,188.0,-46.0,-50.0,189.0,0.153,0.105,0.0,0.135,0.138,0.0,1.469,-0.001,0.135,0.07,0.0,0.0,0,0.188
133,3.3154402999789454,3.004,0.073,0.071,0.071,0.071,0.106,0.154,0.145,0.139,113.0,137.0,36.0,-128.0,0.145,0.106,0.0,0.135,0.133,-0.27,-1.553,-0.003,0.135,0.072,0.0,0.0,0,0.113
134,3.3228494999930263,3.004,0.075,0.071,0.073,0.073,0.152,0.056,0.144,0.161,-194.0,294.0,-60.0,-211.0,0.128,0.152,0.237,0.127,0.119,-0.36,-2.062,-0.006,0.127,0.073,0.0,0.0,0,-0.194
135,3.32847289997153,3.003,0.077,0.073,0.074,0.075,0.175,0.079,0.135,0.151,-268.0,-75.0,-69.0,-101.0,0.11,0.175,0.237,0.133,0.12,-0.54,-0.937,-0.009,0.133,0.075,0.0,0.0,0,-0.268
136,3.3524863999919035,3.003,0.079,0.075,0.075,0.076,0.152,0.143,0.127,0.081,-42.0,-260.0,-110.0,160.0,0.089,0.152,0.0,0.126,0.127,-0.81,-3.394,-0.012,0.126,0.076,0.0,0.0,0,-0.042
137,3.3654612999525853,3.005,0.079,0.078,0.077,0.077,0.088,0.189,0.133,0.095,95.0,-325.0,-216.0,-96.0,0.079,0.088,0.0,0.125,0.118,-0.9,-2.532,-0.014,0.125,0.077,0.0,0.0,0,0.095
138,3.381891099968925,3.009,0.08,0.078,0.078,0.079,0.102,0.148,0.14,0.109,-100.0,-74.0,-177.0,-113.0,0.067,0.102,0.237,0.125,0.128,-0.99,-2.373,-0.016,0.125,0.079,0.0,0.0,0,-0.1
139,3.390758499968797,3.012,0.082,0.078,0.079,0.08,0.099,0.101,0.124,0.123,136.0,252.0,205.0,89.0,0.114,0.099,0.237,0.115,0.137,0.0,9.853,-0.01,0.115,0.08,0.0,0.0,0,0.136
140,3.3964096999843605,3.015,0.082,0.079,0.08,0.08,0.123,0.055,0.116,0.116,99.0,235.0,111.0,232.0,0.136,0.123,0.0,0.104,0.115,-0.09,4.48,-0.006,0.104,0.081,0.0,0.0,0,0.099
141,3.403219599975273,3.017,0.083,0.08,0.08,0.08,0.093,0.055,0.069,0.078,256.0,214.0,302.0,286.0,0.138,0.093,0.0,0.076,0.093,0.0,0.464,-0.005,0.076,0.081,0.0,0.0,0,0.256
142,3.4073602999560535,3.017,0.083,0.082,0.081,0.082,0.055,0.126,0.07,0.103,283.0,-35.0,252.0,70.0,0.158,0.055,0.237,0.088,0.081,0.0,5.059,-0.003,0.088,0.082,0.0,0.0,0,0.283
143,3.425522000005003,3.017,0.085,0.084,0.083,0.083,0.103,0.174,0.095,0.119,166.0,142.0,299.0,216.0,0.187,0.103,0.237,0.123,0.129,0.0,5.12,-0.002,0.123,0.084,0.0,0.0,0,0.166
144,3.431405499984976,3.015,0.087,0.085,0.084,0.084,0.144,0.152,0.143,0.111,51.0,153.0,51.0,236.0,0.196,0.144,0.237,0.136,0.127,-0.09,2.7,-0.003,0.136,0.085,0.0,0.0,0,0.051
145,3.450353499967605,3.015,0.088,0.086,0.085,0.085,0.12,0.112,0.112,0.056,273.0,170.0,289.0,404.0,0.184,0.12,0.0,0.102,0.115,-0.18,-3.201,-0.004,0.102,0.086,0.0,0.0,0,0.273
146,3.455976400000509,3.014,0.089,0.088,0.087,0.087,0.111,0.127,0.135,0.12,93.0,62.0,45.0,197.0,0.184,0.111,0.237,0.121,0.107,-0.27,2.907,-0.005,0.121,0.087,0.0,0.0,0,0.093
147,3.475171700003557,3.013,0.091,0.089,0.088,0.089,0.144,0.144,0.135,0.152,1.0,149.0,47.0,-43.0,0.186,0.144,0.237,0.141,0.124,-0.36,2.491,-0.007,0.141,0.089,0.0,0.0,0,0.001
148,3.486759899999015,3.012,0.092,0.092,0.09,0.09,0.144,0.176,0.168,0.152,255.0,72.0,89.0,121.0,0.187,0.144,0.0,0.161,0.168,-0.54,0.005,-0.009,0.161,0.091,0.0,0.0,0,0.255
149,3.4918572999886237,3.012,0.095,0.093,0.092,0.092,0.191,0.191,0.191,0.176,-136.0,41.0,41.0,73.0,0.185,0.191,0.237,0.187,0.181,-0.72,0.471,-0.011,0.187,0.093,0.0,0.0,0,-0.136
150,3.4968936999794096,3.013,0.096,0.095,0.094,0.095,0.175,0.174,0.174,0.182,58.0,101.0,-77.0,-91.0,0.169,0.175,0.0,0.176,0.176,-0.9,-3.784,-0.014,0.176,0.095,0.0,0.0,0,0.058
151,3.512433499970939,3.013,0.097,0.097,0.095,0.096,0.142,0.158,0.135,0.158,89.0,-45.0,61.0,59.0,0.137,0.142,0.0,0.149,0.155,-1.08,-5.659,-0.017,0.149,0.097,0.0,0.0,0,0.089
152,3.5306898999842815,3.012,0.099,0.099,0.096,0.097,0.135,0.16,0.096,0.12,-137.0,-150.0,157.0,111.0,0.105,0.135,0.237,0.128,0.13,-1.26,-4.27,-0.02,0.128,0.098,0.0,0.0,0,-0.137
153,3.53637649997836,3.011,0.102,0.1,0.098,0.099,0.199,0.128,0.096,0.105,-372.0,66.0,131.0,-61.0,0.088,0.199,0.237,0.132,0.135,-1.44,-3.261,-0.023,0.132,0.1,0.0,0.0,0,-0.372
154,3.5424738999572583,3.011,0.103,0.1,0.1,0.101,0.176,0.08,0.152,0.137,224.0,298.0,154.0,186.0,0.163,0.176,0.0,0.139,0.163,-0.18,13.18,-0.013,0.139,0.101,0.0,0.0,0,0.224
155,3.5633978999685496,3.01,0.103,0.101,0.102,0.104,0.103,0.047,0.152,0.208,250.0,363.0,153.0,-251.0,0.187,0.103,0.236,0.127,0.121,-0.27,5.406,-0.009,0.127,0.102,0.0,0.0,0,0.25
156,3.57625799998641,3.013,0.104,0.104,0.105,0.106,0.078,0.139,0.187,0.205,360.0,-101.0,65.0,149.0,0.199,0.078,0.0,0.152,0.148,-0.45,4.034,-0.009,0.152,0.104,0.0,0.0,0,0.36
157,3.5842271999572404,3.015,0.106,0.108,0.106,0.107,0.093,0.247,0.17,0.196,280.0,-326.0,123.0,74.0,0.201,0.093,0.0,0.175,0.165,-0.63,2.002,-0.011,0.175,0.106,0.0,0.0,0,0.28
158,3.589963499980513,3.017,0.108,0.109,0.107,0.108,0.171,0.263,0.169,0.163,-54.0,57.0,-53.0,140.0,0.205,0.171,0.237,0.191,0.186,-0.72,0.608,-0.012,0.191,0.108,0.0,0.0,0,-0.054
159,3.607478199992329,3.017,0.112,0.11,0.109,0.11,0.219,0.179,0.133,0.141,-238.0,256.0,229.0,-81.0,0.175,0.219,0.237,0.168,0.168,-0.9,-3.983,-0.015,0.168,0.11,0.0,0.0,0,-0.238
160,3.6125935000018217,3.016,0.113,0.112,0.111,0.112,0.206,0.111,0.152,0.143,60.0,171.0,-86.0,-67.0,0.148,0.206,0.0,0.153,0.155,-1.17,-4.584,-0.019,0.153,0.112,0.0,0.0,0,0.06
161,3.6290676000062376,3.015,0.115,0.115,0.113,0.113,0.167,0.176,0.161,0.159,82.0,-231.0,-82.0,-77.0,0.133,0.167,0.0,0.165,0.162,-1.44,-2.825,-0.022,0.165,0.114,0.0,0.0,0,0.082
162,3.633805699995719,3.015,0.116,0.117,0.115,0.115,0.128,0.192,0.176,0.12,-91.0,-220.0,-186.0,-73.0,0.102,0.128,0.237,0.153,0.147,-1.62,-4.886,-0.026,0.153,0.116,0.0,0.0,0,-0.091
163,3.648319599975366,3.014,0.117,0.118,0.116,0.115,0.112,0.152,0.168,0.097,-159.0,-123.0,-271.0,51.0,0.063,0.112,0.237,0.132,0.134,-1.98,-8.236,-0.03,0.132,0.117,0.0,0.0,0,-0.159
164,3.6655434999847785,3.013,0.119,0.118,0.117,0.117,0.135,0.041,0.097,0.097,-419.0,65.0,-105.0,-220.0,0.016,0.135,0.237,0.092,0.088,-2.16,-8.317,-0.033,0.092,0.118,0.0,0.0,0,-0.419
165,3.6716890999814495,3.012,0.12,0.118,0.117,0.118,0.144,-0.015,0.056,0.105,-387.0,109.0,-211.0,-307.0,-0.022,0.144,0.0,0.072,0.068,-2.34,-6.78,-0.036,0.072,0.119,0.0,0.0,0,-0.387
166,3.686890199955087,3.011,0.121,0.119,0.118,0.118,0.08,0.056,0.032,0.065,-205.0,-513.0,-229.0,-291.0,-0.059,0.08,0.0,0.057,0.044,-2.43,-5.315,-0.039,0.057,0.119,0.0,0.0,0,-0.205
167,3.6922559999511577,3.013,0.121,0.121,0.118,0.118,0.047,0.079,0.032,0.024,-243.0,-349.0,-256.0,-150.0,-0.075,0.047,0.0,0.046,0.048,-2.43,-4.29,-0.039,0.046,0.12,0.0,0.0,0,-0.243
168,3.7079873000038788,3.012,0.121,0.121,0.118,0.118,0.024,0.055,0.0,0.0,-295.0,-314.0,-203.0,-245.0,-0.1,0.024,0.0,0.019,0.017,-2.43,-5.073,-0.04,0.019,0.12,0.0,0.0,0,-0.295
169,3.7128699999884702,3.011,0.12,0.118,0.117,0.118,-0.009,-0.103,-0.024,-0.009,-318.0,165.0,-287.0,-315.0,-0.138,-0.009,0.0,-0.036,-0.031,-2.34,-6.579,-0.039,-0.036,0.119,0.0,0.0,0,-0.318
170,3.7277721999562345,3.01,0.119,0.117,0.116,0.116,-0.041,-0.106,-0.056,-0.065,-293.0,-281.0,-143.0,-124.0,-0.164,-0.041,0.0,-0.067,-0.066,-2.34,-4.515,-0.038,-0.067,0.118,0.0,0.0,0,-0.293
171,3.743069599964656,3.01,0.118,0.116,0.115,0.115,-0.073,-0.097,-0.112,-0.088,-257.0,-206.0,-59.0,-223.0,-0.182,-0.073,0.0,-0.092,-0.09,-2.16,-2.935,-0.037,-0.092,0.116,0.0,0.0,0,-0.257
172,3.747193499992136,3.009,0.116,0.115,0.113,0.114,-0.129,-0.112,-0.144,-0.121,-184.0,-98.0,-34.0,-197.0,-0.198,-0.129,0.0,-0.125,-0.118,-2.07,-4.071,-0.035,-0.125,0.115,0.0,0.0,0,-0.184
173,3.761451500002295,3.008,0.114,0.112,0.111,0.112,-0.153,-0.192,-0.153,-0.153,-54.0,84.0,-171.0,-51.0,-0.215,-0.153,-0.237,-0.161,-0.148,-1.98,-4.362,-0.032,-0.161,0.113,0.0,0.0,0,-0.054
174,3.7762591000064276,3.007,0.113,0.11,0.109,0.109,-0.129,-0.2,-0.192,-0.177,-336.0,-73.0,87.0,-119.0,-0.223,-0.129,0.0,-0.175,-0.176,-1.8,-1.159,-0.03,-0.175,0.111,0.0,0.0,0,-0.336
175,3.7802761999773793,3.006,0.11,0.108,0.107,0.107,-0.152,-0.176,-0.191,-0.176,-159.0,-109.0,-80.0,-107.0,-0.221,-0.152,-0.237,-0.174,-0.174,-1.62,0.187,-0.027,-0.174,0.108,0.0,0.0,0,-0.159
176,3.7950311999884434,3.006,0.108,0.106,0.105,0.105,-0.185,-0.152,-0.185,-0.2,-110.0,-172.0,-108.0,-75.0,-0.225,-0.185,0.0,-0.18,-0.181,-1.53,-0.923,-0.025,-0.18,0.106,0.0,0.0,0,-0.11
177,3.8096358999609947,3.005,0.106,0.104,0.103,0.103,-0.193,-0.176,-0.185,-0.2,-96.0,-127.0,-111.0,-78.0,-0.227,-0.193,-0.237,-0.189,-0.189,-1.35,-0.704,-0.022,-0.189,0.104,0.0,0.0,0,-0.096
178,3.8135855000000447,3.004,0.103,0.102,0.1,0.1,-0.184,-0.184,-0.208,-0.223,-132.0,-129.0,-83.0,-49.0,-0.234,-0.184,-0.237,-0.2,-0.202,-1.26,-1.161,-0.02,-0.2,0.101,0.0,0.0,0,-0.132
179,3.8304301999742165,3.004,0.101,0.099,0.098,0.098,-0.199,-0.216,-0.192,-0.223,-107.0,-70.0,-118.0,-54.0,-0.238,-0.199,-0.237,-0.208,-0.209,-1.08,-0.621,-0.018,-0.208,0.099,0.0,0.0,0,-0.107
180,3.849209499952849,3.003,0.098,0.097,0.096,0.096,-0.223,-0.208,-0.169,-0.199,-44.0,-72.0,-151.0,-205.0,-0.234,-0.223,-0.237,-0.2,-0.205,-0.99,0.446,-0.015,-0.2,0.097,0.0,0.0,0,-0.044
181,3.8543231999501586,3.002,0.097,0.095,0.093,0.094,-0.2,-0.2,-0.194,-0.177,-202.0,-80.0,-94.0,-126.0,-0.232,-0.2,0.0,-0.194,-0.199,-0.81,0.888,-0.013,-0.194,0.094,0.0,0.0,0,-0.202
182,3.875894500000868,3.002,0.095,0.092,0.09,0.092,-0.154,-0.201,-0.218,-0.169,-170.0,-72.0,140.0,-135.0,-0.226,-0.154,-0.237,-0.185,-0.178,-0.72,0.363,-0.012,-0.185,0.092,0.0,0.0,0,-0.17
183,3.8804944999865256,3.004,0.093,0.089,0.089,0.089,-0.149,-0.21,-0.181,-0.225,-160.0,-34.0,-256.0,57.0,-0.227,-0.149,-0.237,-0.192,-0.194,-0.63,-0.911,-0.01,-0.192,0.09,0.0,0.0,0,-0.16
184,3.88511119998293,3.004,0.089,0.088,0.087,0.086,-0.227,-0.209,-0.148,-0.248,144.0,-65.0,-350.0,-60.0,-0.238,-0.227,-0.474,-0.208,-0.211,-0.63,-2.447,-0.009,-0.208,0.088,0.0,0.0,0,0.144
185,3.902833300002385,3.004,0.087,0.086,0.084,0.084,-0.263,-0.152,-0.208,-0.215,-61.0,-348.0,127.0,-101.0,-0.244,-0.263,0.0,-0.21,-0.214,-0.54,-0.441,-0.008,-0.21,0.085,0.0,0.0,0,-0.061
186,3.907709999999497,3.005,0.085,0.084,0.081,0.083,-0.238,-0.151,-0.246,-0.151,45.0,-147.0,101.0,-223.0,-0.234,-0.238,-0.237,-0.196,-0.193,-0.45,0.691,-0.006,-0.196,0.083,0.0,0.0,0,0.045
187,3.9261073999805376,3.005,0.083,0.081,0.079,0.08,-0.158,-0.182,-0.26,-0.198,-197.0,-102.0,68.0,-69.0,-0.232,-0.158,-0.237,-0.199,-0.198,-0.36,-1.383,-0.005,-0.199,0.081,0.0,0.0,0,-0.197
188,3.931139099993743,3.006,0.082,0.078,0.077,0.077,-0.142,-0.261,-0.205,-0.252,-119.0,181.0,-228.0,48.0,-0.239,-0.142,-0.237,-0.214,-0.211,-0.27,-2.176,-0.004,-0.214,0.079,0.0,0.0,0,-0.119
189,3.951820999966003,3.008,0.08,0.076,0.077,0.075,-0.173,-0.268,-0.151,-0.26,-164.0,89.0,-205.0,75.0,-0.238,-0.173,-0.237,-0.213,-0.213,-0.27,-0.467,-0.003,-0.213,0.077,0.0,0.0,0,-0.164
190,3.958569999958854,3.007,0.076,0.074,0.074,0.074,-0.238,-0.213,-0.16,-0.18,43.0,-63.0,-170.0,-244.0,-0.235,-0.238,-0.237,-0.199,-0.203,-0.18,1.241,-0.002,-0.199,0.074,0.0,0.0,0,0.043
191,3.963025699951686,3.01,0.075,0.074,0.07,0.072,-0.214,-0.111,-0.234,-0.14,-170.0,-372.0,169.0,-194.0,-0.229,-0.214,0.0,-0.175,-0.18,-0.18,1.281,-0.001,-0.175,0.073,0.0,0.0,0,-0.17
192,3.979581399995368,3.009,0.074,0.072,0.067,0.069,-0.157,-0.111,-0.256,-0.205,-262.0,-264.0,42.0,146.0,-0.236,-0.157,-0.236,-0.182,-0.177,-0.18,-2.762,-0.001,-0.182,0.071,0.0,0.0,0,-0.262
193,3.983834399958141,3.009,0.071,0.068,0.066,0.066,-0.151,-0.239,-0.175,-0.263,-180.0,211.0,-424.0,73.0,-0.255,-0.151,-0.237,-0.207,-0.204,-0.18,-3.902,-0.001,-0.207,0.068,0.0,0.0,0,-0.18
194,4.002296199963894,3.01,0.068,0.064,0.065,0.064,-0.221,-0.315,-0.118,-0.253,-79.0,132.0,-364.0,-90.0,-0.272,-0.221,-0.237,-0.227,-0.226,-0.18,-3.199,-0.001,-0.227,0.065,0.0,0.0,0,-0.079
195,4.007641399977729,3.01,0.066,0.062,0.062,0.062,-0.213,-0.267,-0.174,-0.198,-171.0,-99.0,-45.0,-194.0,-0.277,-0.213,-0.237,-0.212,-0.207,-0.18,-0.616,-0.001,-0.212,0.063,0.0,0.0,0,-0.171
196,4.027155999967363,3.012,0.064,0.061,0.059,0.06,-0.211,-0.211,-0.251,-0.189,-177.0,-292.0,82.0,-215.0,-0.278,-0.211,-0.237,-0.215,-0.216,-0.09,-1.562,0.0,-0.215,0.061,0.0,0.0,0,-0.177
197,4.032591099967249,3.012,0.061,0.058,0.056,0.057,-0.212,-0.197,-0.267,-0.229,-163.0,-147.0,-50.0,-123.0,-0.284,-0.212,-0.237,-0.225,-0.219,-0.09,-3.129,0.001,-0.225,0.058,0.0,0.0,0,-0.163
198,4.036725899961311,3.013,0.058,0.055,0.054,0.054,-0.242,-0.242,-0.234,-0.251,-164.0,-157.0,-294.0,-138.0,-0.296,-0.242,-0.237,-0.243,-0.251,-0.09,-2.921,0.001,-0.243,0.056,0.0,0.0,0,-0.164
199,4.056722399953287,3.013,0.056,0.053,0.052,0.051,-0.236,-0.26,-0.197,-0.284,-182.0,-86.0,-255.0,101.0,-0.301,-0.236,-0.237,-0.243,-0.237,0.0,-1.535,0.002,-0.243,0.053,0.0,0.0,0,-0.182
200,4.062233300006483,3.013,0.053,0.05,0.049,0.048,-0.23,-0.262,-0.254,-0.262,-238.0,-132.0,-114.0,-129.0,-0.311,-0.23,-0.237,-0.252,-0.252,0.09,-1.729,0.003,-0.252,0.05,0.0,0.0,0,-0.238
201,4.079354199988302,3.012,0.049,0.047,0.044,0.045,-0.27,-0.238,-0.302,-0.286,-42.0,-219.0,-93.0,-121.0,-0.322,-0.27,-0.474,-0.274,-0.271,0.09,-3.101,0.004,-0.274,0.047,0.0,0.0,0,-0.042
202,4.0909887999878265,3.012,0.046,0.044,0.042,0.042,-0.272,-0.264,-0.304,-0.279,-161.0,-54.0,-93.0,39.0,-0.327,-0.272,-0.237,-0.279,-0.268,0.18,-1.937,0.005,-0.279,0.043,0.0,0.0,0,-0.161
203,4.09600139997201,3.013,0.043,0.041,0.039,0.039,-0.276,-0.268,-0.268,-0.283,-195.0,-163.0,-247.0,-130.0,-0.329,-0.276,-0.237,-0.275,-0.282,0.18,-0.177,0.006,-0.275,0.04,0.0,0.0,0,-0.195
204,4.115293799957726,3.013,0.04,0.037,0.035,0.036,-0.274,-0.275,-0.267,-0.275,-161.0,-154.0,-53.0,-107.0,-0.325,-0.274,-0.237,-0.272,-0.267,0.27,-1.37,0.007,-0.272,0.037,0.0,0.0,0,-0.161
205,4.121489999990445,3.012,0.036,0.034,0.032,0.033,-0.287,-0.28,-0.296,-0.257,-210.0,-182.0,-152.0,-226.0,-0.338,-0.287,-0.237,-0.281,-0.291,0.36,-0.67,0.008,-0.281,0.034,0.0,0.0,0,-0.21
206,4.139699799998198,3.014,0.034,0.031,0.029,0.029,-0.291,-0.276,-0.3,-0.283,-158.0,-224.0,-137.0,-88.0,-0.343,-0.291,-0.237,-0.287,-0.288,0.36,-1.514,0.009,-0.287,0.031,0.0,0.0,0,-0.158
207,4.145641899958719,3.014,0.03,0.027,0.025,0.026,-0.292,-0.292,-0.3,-0.299,-177.0,-215.0,-198.0,-198.0,-0.351,-0.292,-0.237,-0.297,-0.307,0.45,-1.011,0.01,-0.297,0.027,0.0,0.0,0,-0.177
208,4.149869399960153,3.015,0.027,0.024,0.022,0.022,-0.299,-0.299,-0.284,-0.33,-151.0,-146.0,-177.0,96.0,-0.35,-0.299,-0.237,-0.302,-0.297,0.54,-1.022,0.011,-0.302,0.024,0.0,0.0,0,-0.151
209,4.171417499950621,3.014,0.023,0.02,0.018,0.019,-0.327,-0.327,-0.327,-0.318,-142.0,-137.0,-63.0,-151.0,-0.363,-0.327,-0.237,-0.325,-0.327,0.63,-2.173,0.012,-0.325,0.02,0.0,0.0,0,-0.142
210,4.17788459995063,3.015,0.02,0.017,0.015,0.016,-0.334,-0.334,-0.334,-0.302,74.0,79.0,78.0,-160.0,-0.36,-0.334,-0.474,-0.324,-0.307,0.63,-1.56,0.013,-0.324,0.017,0.0,0.0,0,0.074
211,4.1973723999690264,3.015,0.016,0.014,0.011,0.013,-0.324,-0.3,-0.347,-0.292,-168.0,-211.0,61.0,-180.0,-0.357,-0.324,-0.237,-0.316,-0.318,0.72,-0.132,0.015,-0.316,0.013,0.0,0.0,0,-0.168
212,4.2030044999555685,3.014,0.012,0.01,0.008,0.009,-0.327,-0.295,-0.318,-0.319,43.0,-195.0,-148.0,35.0,-0.351,-0.327,-0.474,-0.315,-0.311,0.81,-0.762,0.016,-0.315,0.01,0.0,0.0,0,0.043
213,4.206959899980575,3.017,0.009,0.007,0.005,0.004,-0.329,-0.297,-0.283,-0.367,44.0,-194.0,-221.0,47.0,-0.354,-0.329,-0.474,-0.319,-0.32,0.9,-0.193,0.017,-0.319,0.006,0.0,0.0,0,0.044
214,4.223672299995087,3.016,0.005,0.002,0.001,0.0,-0.32,-0.352,-0.306,-0.342,-187.0,103.0,-48.0,-135.0,-0.36,-0.32,-0.237,-0.33,-0.327,0.99,-1.005,0.019,-0.33,0.002,0.0,0.0,0,-0.187
215,4.251290699990932,3.016,0.001,-0.001,-0.003,-0.002,-0.326,-0.35,-0.35,-0.271,-43.0,-109.0,135.0,-331.0,-0.357,-0.326,-0.474,-0.324,-0.323,0.99,-0.754,0.02,-0.324,-0.002,0.0,0.0,0,-0.043
216,4.279334599967115,3.016,-0.002,-0.005,-0.008,-0.006,-0.301,-0.317,-0.365,-0.285,-146.0,-229.0,-133.0,-52.0,-0.352,-0.301,-0.474,-0.318,-0.323,1.08,-0.033,0.021,-0.318,-0.005,0.0,0.0,0,-0.146
217,4.3098969999700785,3.021,-0.005,-0.008,-0.01,-0.01,-0.305,-0.302,-0.345,-0.323,-134.0,-253.0,-167.0,88.0,-0.35,-0.305,-0.237,-0.319,-0.324,1.17,0.434,0.022,-0.319,-0.009,0.0,0.0,0,-0.134
218,4.329105099954177,3.028,-0.009,-0.013,-0.013,-0.014,-0.301,-0.335,-0.307,-0.335,-151.0,100.0,-252.0,-74.0,-0.35,-0.301,-0.237,-0.319,-0.319,1.17,-0.926,0.023,-0.319,-0.012,0.0,0.0,0,-0.151
219,4.342787799949292,3.033,-0.013,-0.017,-0.017,-0.016,-0.293,-0.345,-0.294,-0.328,-270.0,135.0,-264.0,-72.0,-0.347,-0.293,-0.237,-0.316,-0.321,1.26,0.512,0.024,-0.316,-0.016,0.0,0.0,0,-0.27
220,4.349182899983134,3.04,-0.017,-0.019,-0.022,-0.019,-0.327,-0.346,-0.322,-0.305,62.0,-73.0,56.0,-269.0,-0.354,-0.327,-0.473,-0.324,-0.319,1.26,-2.511,0.025,-0.324,-0.019,0.0,0.0,0,0.062
221,4.356160499970429,3.049,-0.02,-0.022,-0.025,-0.022,-0.335,-0.326,-0.306,-0.314,-40.0,-82.0,-117.0,-76.0,-0.342,-0.335,-0.318,-0.323,-0.342,1.26,1.812,0.026,-0.323,-0.023,0.0,0.0,0,-0.04
222,4.364484199963044,3.052,-0.024,-0.025,-0.029,-0.026,-0.34,-0.312,-0.317,-0.283,121.0,-107.0,-98.0,-280.0,-0.341,-0.34,-0.474,-0.313,-0.313,1.35,-1.18,0.026,-0.313,-0.026,0.0,0.0,0,0.121
223,4.371503099973779,3.06,-0.027,-0.027,-0.032,-0.03,-0.332,-0.295,-0.319,-0.285,-46.0,-126.0,-57.0,-123.0,-0.332,-0.332,-0.282,-0.309,-0.321,1.35,1.361,0.027,-0.309,-0.029,0.0,0.0,0,-0.046
224,4.376862399978563,3.066,-0.03,-0.03,-0.035,-0.034,-0.319,-0.268,-0.317,-0.31,-163.0,-231.0,-134.0,-61.0,-0.335,-0.319,-0.237,-0.304,-0.31,1.44,-0.45,0.027,-0.304,-0.032,0.0,0.0,0,-0.163
225,4.381821399962064,3.073,-0.033,-0.035,-0.038,-0.038,-0.309,-0.279,-0.301,-0.32,-167.0,-55.0,-228.0,-86.0,-0.337,-0.309,-0.237,-0.303,-0.306,1.44,-0.683,0.028,-0.303,-0.036,0.0,0.0,0,-0.167
226,4.386373099987395,3.072,-0.036,-0.04,-0.043,-0.041,-0.303,-0.369,-0.313,-0.282,-160.0,155.0,43.0,-312.0,-0.347,-0.303,-0.237,-0.316,-0.314,1.44,-3.675,0.027,-0.316,-0.04,0.0,0.0,0,-0.16
227,4.390604899963364,3.071,-0.042,-0.044,-0.046,-0.044,-0.359,-0.377,-0.309,-0.25,124.0,46.0,-150.0,-265.0,-0.356,-0.359,-0.474,-0.323,-0.32,1.44,-1.886,0.027,-0.323,-0.044,0.0,0.0,0,0.124
228,4.394858599989675,3.073,-0.044,-0.045,-0.049,-0.047,-0.353,-0.315,-0.315,-0.274,-96.0,-210.0,-51.0,-207.0,-0.353,-0.353,-0.237,-0.315,-0.318,1.44,0.011,0.028,-0.315,-0.047,0.0,0.0,0,-0.096
229,4.398847499978729,3.072,-0.047,-0.046,-0.052,-0.052,-0.316,-0.181,-0.285,-0.317,-180.0,-447.0,-199.0,-94.0,-0.347,-0.316,-0.237,-0.276,-0.284,1.35,1.592,0.027,-0.276,-0.05,0.0,0.0,0,-0.18
230,4.403235299978405,3.071,-0.05,-0.05,-0.055,-0.055,-0.217,-0.239,-0.288,-0.313,-346.0,-107.0,-164.0,-185.0,-0.347,-0.217,-0.237,-0.264,-0.261,1.35,-0.963,0.026,-0.264,-0.053,0.0,0.0,0,-0.346
231,4.407578599988483,3.071,-0.053,-0.055,-0.058,-0.058,-0.223,-0.349,-0.239,-0.271,-345.0,89.0,-428.0,-243.0,-0.361,-0.223,-0.237,-0.271,-0.274,1.26,-3.074,0.025,-0.271,-0.056,0.0,0.0,0,-0.345
232,4.422179499990307,3.07,-0.056,-0.059,-0.061,-0.061,-0.222,-0.364,-0.253,-0.238,-373.0,-202.0,-307.0,-336.0,-0.376,-0.222,-0.237,-0.271,-0.28,1.17,-1.973,0.024,-0.271,-0.059,0.0,0.0,0,-0.373
233,4.437042299949098,3.07,-0.059,-0.061,-0.063,-0.064,-0.261,-0.27,-0.253,-0.246,-194.0,-409.0,-325.0,-338.0,-0.385,-0.261,-0.474,-0.258,-0.26,1.08,-1.747,0.023,-0.258,-0.062,0.0,0.0,0,-0.194
234,4.4536014999612235,3.069,-0.062,-0.064,-0.066,-0.068,-0.263,-0.231,-0.239,-0.279,-340.0,-279.0,-502.0,-300.0,-0.396,-0.263,-0.237,-0.254,-0.256,0.99,-2.965,0.021,-0.254,-0.065,0.0,0.0,0,-0.34
235,4.459349299955647,3.068,-0.065,-0.068,-0.069,-0.071,-0.265,-0.289,-0.242,-0.298,-393.0,-341.0,-437.0,-322.0,-0.418,-0.265,-0.237,-0.274,-0.279,0.9,-5.059,0.02,-0.274,-0.068,0.0,0.0,0,-0.393
236,4.481059599958826,3.067,-0.068,-0.071,-0.073,-0.075,-0.264,-0.312,-0.272,-0.32,-435.0,-215.0,-414.0,-197.0,-0.438,-0.264,-0.237,-0.291,-0.284,0.9,-4.615,0.019,-0.291,-0.072,0.0,0.0,0,-0.435
237,4.498050700000022,3.067,-0.072,-0.074,-0.077,-0.079,-0.295,-0.31,-0.326,-0.326,-297.0,-379.0,-230.0,-345.0,-0.457,-0.295,-0.474,-0.313,-0.307,0.9,-4.899,0.019,-0.313,-0.075,0.0,0.0,0,-0.297
238,4.51548839994939,3.069,-0.075,-0.078,-0.081,-0.083,-0.301,-0.316,-0.348,-0.348,-410.0,-373.0,-234.0,-231.0,-0.459,-0.301,-0.236,-0.328,-0.323,0.81,-4.135,0.019,-0.328,-0.079,0.0,0.0,0,-0.41
239,4.5267356999684125,3.069,-0.079,-0.082,-0.085,-0.088,-0.3,-0.347,-0.371,-0.379,-493.0,-232.0,-346.0,-208.0,-0.479,-0.3,-0.237,-0.35,-0.35,0.9,-4.047,0.019,-0.35,-0.083,0.0,0.0,0,-0.493
240,4.533399199950509,3.071,-0.082,-0.086,-0.089,-0.092,-0.288,-0.335,-0.366,-0.421,-575.0,-355.0,-295.0,-62.0,-0.479,-0.288,-0.237,-0.352,-0.353,0.99,-1.06,0.02,-0.352,-0.087,0.0,0.0,0,-0.575
241,4.537762899999507,3.07,-0.087,-0.089,-0.094,-0.098,-0.327,-0.327,-0.39,-0.445,-444.0,-437.0,-194.0,-119.0,-0.487,-0.327,-0.237,-0.373,-0.373,1.17,-2.051,0.022,-0.373,-0.092,0.0,0.0,0,-0.444
242,4.542602899949998,3.07,-0.091,-0.093,-0.098,-0.104,-0.356,-0.301,-0.364,-0.475,-231.0,-454.0,-361.0,43.0,-0.474,-0.356,-0.474,-0.374,-0.374,1.53,2.035,0.026,-0.374,-0.097,0.0,0.0,0,-0.231
243,4.564519899955485,3.069,-0.096,-0.097,-0.103,-0.109,-0.389,-0.317,-0.366,-0.453,-199.0,-337.0,-240.0,-58.0,-0.462,-0.389,-0.474,-0.381,-0.378,1.8,2.763,0.03,-0.381,-0.101,0.0,0.0,0,-0.199
244,4.570306399953552,3.069,-0.099,-0.1,-0.108,-0.113,-0.335,-0.319,-0.399,-0.399,-347.0,-138.0,84.0,-86.0,-0.429,-0.335,-0.237,-0.361,-0.349,2.07,4.926,0.035,-0.361,-0.105,0.0,0.0,0,-0.347
245,4.574597999977414,3.071,-0.102,-0.103,-0.114,-0.117,-0.291,-0.297,-0.436,-0.36,-361.0,-260.0,116.0,-248.0,-0.405,-0.291,-0.237,-0.346,-0.35,2.25,4.583,0.038,-0.346,-0.109,0.0,0.0,0,-0.361
246,4.593530799960718,3.07,-0.104,-0.106,-0.12,-0.122,-0.227,-0.266,-0.508,-0.361,-439.0,-355.0,229.0,-77.0,-0.391,-0.227,-0.237,-0.341,-0.343,2.25,1.889,0.04,-0.341,-0.113,0.0,0.0,0,-0.439
247,4.59892109996872,3.071,-0.106,-0.109,-0.124,-0.124,-0.219,-0.249,-0.499,-0.36,-424.0,-475.0,211.0,-241.0,-0.39,-0.219,-0.237,-0.333,-0.345,2.07,-0.532,0.04,-0.333,-0.116,0.0,0.0,0,-0.424
248,4.603419799997937,3.072,-0.108,-0.112,-0.127,-0.127,-0.222,-0.269,-0.429,-0.326,-451.0,-350.0,-139.0,-223.0,-0.399,-0.222,-0.237,-0.312,-0.321,1.8,-2.922,0.038,-0.312,-0.119,0.0,0.0,0,-0.451
249,4.621456299966667,3.071,-0.112,-0.115,-0.129,-0.131,-0.238,-0.269,-0.252,-0.317,-492.0,-424.0,-565.0,-314.0,-0.425,-0.238,-0.237,-0.271,-0.282,1.26,-5.913,0.032,-0.271,-0.122,0.0,0.0,0,-0.492
250,4.62654189998284,3.073,-0.115,-0.117,-0.128,-0.135,-0.282,-0.283,-0.095,-0.353,-418.0,-527.0,-830.0,-255.0,-0.473,-0.282,-0.474,-0.255,-0.272,0.54,-11.305,0.024,-0.255,-0.124,0.0,0.0,0,-0.418
251,4.643819899996743,3.072,-0.12,-0.12,-0.129,-0.142,-0.328,-0.259,-0.008,-0.463,-585.0,-795.0,-830.0,-293.0,-0.563,-0.328,-0.474,-0.267,-0.285,-0.27,-15.627,0.013,-0.267,-0.127,0.0,0.0,0,-0.585
252,4.648790699953679,3.072,-0.127,-0.124,-0.131,-0.15,-0.468,-0.286,-0.048,-0.587,-429.0,-830.0,-830.0,-167.0,-0.68,-0.468,-0.711,-0.347,-0.344,-1.26,-15.627,-0.001,-0.347,-0.132,0.0,0.0,0,-0.429
253,4.670246499998029,3.071,-0.137,-0.128,-0.134,-0.159,-0.66,-0.318,-0.207,-0.707,-222.0,-830.0,-830.0,-222.0,-0.795,-0.66,-0.948,-0.471,-0.456,-2.25,-15.627,-0.016,-0.471,-0.138,0.0,0.0,0,-0.222
254,4.683814199990593,3.072,-0.147,-0.134,-0.139,-0.166,-0.842,-0.44,-0.33,-0.74,71.0,-830.0,-830.0,-444.0,-0.897,-0.842,-1.185,-0.586,-0.57,-3.15,-15.627,-0.029,-0.586,-0.145,0.0,0.0,0,0.071
255,4.6944719000021,3.071,-0.159,-0.144,-0.147,-0.174,-0.982,-0.675,-0.531,-0.736,-182.0,-557.0,-830.0,-730.0,-1.01,-0.982,-0.948,-0.729,-0.72,-4.23,-15.627,-0.047,-0.729,-0.154,0.0,0.0,0,-0.182
256,4.708916999981739,3.073,-0.17,-0.156,-0.157,-0.182,-1.043,-0.902,-0.713,-0.737,-330.0,-266.0,-645.0,-830.0,-1.113,-1.043,-0.948,-0.847,-0.831,-5.04,-15.627,-0.06,-0.847,-0.164,0.0,0.0,0,-0.33
257,4.723849200003315,3.072,-0.182,-0.172,-0.17,-0.193,-1.01,-1.169,-0.973,-0.8,-676.0,58.0,-429.0,-830.0,-1.23,-1.01,-0.948,-0.987,-0.978,-5.94,-15.627,-0.078,-0.987,-0.177,0.0,0.0,0,-0.676
258,4.72964699997101,3.075,-0.193,-0.189,-0.186,-0.204,-0.988,-1.34,-1.203,-0.903,-503.0,373.0,210.0,-540.0,-1.25,-0.988,-1.184,-1.105,-1.08,-6.66,-15.627,-0.09,-1.105,-0.191,0.0,0.0,0,-0.503
259,4.733602799999062,3.077,-0.204,-0.207,-0.204,-0.218,-0.972,-1.463,-1.388,-1.019,-656.0,621.0,464.0,-311.0,-1.25,-0.972,-0.948,-1.209,-1.195,-7.56,-15.627,-0.104,-1.209,-0.206,0.0,0.0,0,-0.656
260,4.751859499956481,3.076,-0.216,-0.225,-0.223,-0.234,-1.002,-1.552,-1.565,-1.21,-599.0,564.0,820.0,246.0,-1.25,-1.002,-0.948,-1.331,-1.322,-8.28,-15.627,-0.121,-1.331,-0.223,0.0,0.0,0,-0.599
261,4.756537499953993,3.077,-0.228,-0.24,-0.239,-0.248,-1.069,-1.535,-1.616,-1.325,-467.0,534.0,808.0,240.0,-1.25,-1.069,-1.185,-1.387,-1.395,-8.82,-15.627,-0.131,-1.387,-0.238,0.0,0.0,0,-0.467
262,4.760704299958888,3.077,-0.244,-0.257,-0.258,-0.266,-1.199,-1.458,-1.6,-1.427,48.0,325.0,561.0,473.0,-1.25,-1.199,-1.423,-1.423,-1.435,-9.63,-15.627,-0.145,-1.423,-0.256,0.0,0.0,0,0.048
263,4.780805799993686,3.076,-0.26,-0.271,-0.275,-0.282,-1.34,-1.284,-1.537,-1.395,262.0,-324.0,437.0,121.0,-1.25,-1.34,-1.422,-1.394,-1.433,-10.08,-15.627,-0.157,-1.394,-0.272,0.0,0.0,0,0.262
264,4.790031599986833,3.076,-0.276,-0.282,-0.291,-0.296,-1.375,-1.102,-1.398,-1.334,204.0,-624.0,145.0,-33.0,-1.25,-1.375,-1.422,-1.308,-1.352,-10.53,-15.627,-0.166,-1.308,-0.287,0.0,0.0,0,0.204
265,4.820292899967171,3.075,-0.291,-0.291,-0.302,-0.309,-1.339,-0.914,-1.195,-1.186,-44.0,-830.0,-439.0,-210.0,-1.25,-1.339,-1.184,-1.165,-1.217,-10.8,-15.627,-0.173,-1.165,-0.3,0.0,0.0,0,-0.044
266,4.837715099973138,3.076,-0.303,-0.299,-0.31,-0.317,-1.245,-0.816,-1.0,-1.047,-370.0,-830.0,-830.0,-779.0,-1.25,-1.245,-0.948,-1.037,-1.107,-11.07,-15.627,-0.177,-1.037,-0.309,0.0,0.0,0,-0.37
267,4.854244599991944,3.077,-0.314,-0.308,-0.318,-0.325,-1.137,-0.782,-0.81,-0.888,-568.0,-830.0,-830.0,-830.0,-1.25,-1.137,-0.948,-0.912,-0.975,-11.43,-15.627,-0.182,-0.912,-0.318,0.0,0.0,0,-0.568
268,4.8596901999553666,3.078,-0.323,-0.317,-0.324,-0.333,-1.012,-0.819,-0.688,-0.821,-700.0,-830.0,-830.0,-830.0,-1.25,-1.012,-0.948,-0.84,-0.874,-11.97,-15.627,-0.188,-0.84,-0.325,0.0,0.0,0,-0.7
269,4.863850199966691,3.08,-0.333,-0.328,-0.331,-0.341,-0.931,-0.91,-0.647,-0.763,-830.0,-555.0,-830.0,-830.0,-1.25,-0.931,-0.948,-0.815,-0.832,-11.61,-15.627,-0.189,-0.815,-0.333,0.0,0.0,0,-0.83
270,4.867869099951349,3.081,-0.343,-0.339,-0.338,-0.349,-0.923,-1.033,-0.668,-0.792,-766.0,-312.0,-830.0,-830.0,-1.25,-0.923,-0.948,-0.854,-0.858,-12.42,-15.627,-0.195,-0.854,-0.342,0.0,0.0,0,-0.766
271,4.871927999949548,3.082,-0.354,-0.353,-0.347,-0.36,-0.983,-1.145,-0.735,-0.898,-413.0,-208.0,-830.0,-573.0,-1.25,-0.983,-1.184,-0.938,-0.925,-12.33,-15.627,-0.198,-0.938,-0.352,0.0,0.0,0,-0.413
272,4.87586009997176,3.081,-0.367,-0.37,-0.359,-0.373,-1.074,-1.311,-0.903,-1.028,-351.0,182.0,-581.0,-434.0,-1.25,-1.074,-1.185,-1.078,-1.068,-12.6,-15.627,-0.202,-1.078,-0.366,0.0,0.0,0,-0.351
273,4.890214099956211,3.081,-0.381,-0.386,-0.372,-0.39,-1.175,-1.391,-1.087,-1.239,-224.0,280.0,-263.0,127.0,-1.25,-1.175,-1.185,-1.222,-1.216,-12.87,-15.627,-0.207,-1.222,-0.381,0.0,0.0,0,-0.224
274,4.8946692000026815,3.08,-0.395,-0.401,-0.389,-0.406,-1.205,-1.365,-1.253,-1.365,-210.0,57.0,56.0,298.0,-1.25,-1.205,-1.185,-1.299,-1.311,-13.32,-15.627,-0.213,-1.299,-0.397,0.0,0.0,0,-0.21
275,4.909161999996286,3.079,-0.408,-0.415,-0.406,-0.422,-1.152,-1.265,-1.393,-1.401,-433.0,-318.0,335.0,136.0,-1.25,-1.152,-1.184,-1.308,-1.343,-13.59,-15.627,-0.218,-1.308,-0.413,0.0,0.0,0,-0.433
276,4.924701199983247,3.078,-0.42,-0.427,-0.422,-0.438,-1.117,-1.119,-1.438,-1.376,-387.0,-493.0,191.0,205.0,-1.25,-1.117,-1.185,-1.267,-1.299,-13.86,-15.627,-0.222,-1.267,-0.427,0.0,0.0,0,-0.387
277,4.92971979995491,3.078,-0.433,-0.438,-0.438,-0.452,-1.081,-0.971,-1.418,-1.283,-461.0,-792.0,272.0,-157.0,-1.25,-1.081,-1.185,-1.193,-1.226,-14.22,-15.627,-0.227,-1.193,-0.441,0.0,0.0,0,-0.461
278,4.949154399975669,3.077,-0.446,-0.449,-0.452,-0.464,-1.11,-0.927,-1.311,-1.159,-405.0,-765.0,-237.0,-524.0,-1.25,-1.11,-1.185,-1.132,-1.175,-14.67,-15.627,-0.233,-1.132,-0.453,0.0,0.0,0,-0.405
279,4.95458639995195,3.076,-0.46,-0.461,-0.464,-0.475,-1.172,-0.98,-1.165,-1.036,-164.0,-425.0,-530.0,-654.0,-1.25,-1.172,-1.422,-1.091,-1.113,-15.21,-15.627,-0.241,-1.091,-0.465,0.0,0.0,0,-0.164
280,4.973087299964391,3.077,-0.472,-0.472,-0.475,-0.485,-1.212,-1.045,-1.093,-0.973,-156.0,-404.0,-592.0,-735.0,-1.25,-1.212,-1.184,-1.084,-1.107,-15.75,-15.627,-0.247,-1.084,-0.476,0.0,0.0,0,-0.156
281,4.979614499956369,3.076,-0.486,-0.486,-0.487,-0.497,-1.216,-1.13,-1.057,-1.002,-177.0,-306.0,-494.0,-503.0,-1.25,-1.216,-1.186,-1.103,-1.113,-16.29,-15.627,-0.258,-1.103,-0.489,0.0,0.0,0,-0.177
282,4.984054300002754,3.076,-0.499,-0.502,-0.5,-0.51,-1.154,-1.249,-1.09,-1.082,-473.0,91.0,-366.0,-330.0,-1.25,-1.154,-0.948,-1.145,-1.156,-16.83,-15.627,-0.269,-1.145,-0.502,0.0,0.0,0,-0.473
283,5.00262429995928,3.075,-0.511,-0.516,-0.514,-0.524,-1.09,-1.281,-1.145,-1.17,-568.0,-65.0,-220.0,-276.0,-1.25,-1.09,-0.948,-1.174,-1.192,-17.46,-15.627,-0.28,-1.174,-0.516,0.0,0.0,0,-0.568
284,5.008175099967048,3.074,-0.523,-0.53,-0.528,-0.539,-1.042,-1.227,-1.177,-1.242,-547.0,-292.0,-275.0,-133.0,-1.25,-1.042,-1.185,-1.175,-1.201,-18.0,-15.627,-0.29,-1.175,-0.53,0.0,0.0,0,-0.547
285,5.030665899976157,3.073,-0.536,-0.543,-0.542,-0.553,-1.069,-1.165,-1.246,-1.254,-496.0,-296.0,38.0,-108.0,-1.25,-1.069,-1.185,-1.185,-1.2,-18.63,-15.627,-0.301,-1.185,-0.543,0.0,0.0,0,-0.496
286,5.041089899954386,3.073,-0.549,-0.555,-0.556,-0.567,-1.162,-1.091,-1.22,-1.205,-193.0,-447.0,-309.0,-207.0,-1.25,-1.162,-1.185,-1.172,-1.192,-19.35,-15.627,-0.313,-1.172,-0.557,0.0,0.0,0,-0.193
287,5.048327299999073,3.072,-0.565,-0.568,-0.57,-0.579,-1.254,-1.088,-1.199,-1.105,51.0,-455.0,-232.0,-408.0,-1.25,-1.254,-1.422,-1.164,-1.179,-19.89,-15.627,-0.324,-1.164,-0.571,0.0,0.0,0,0.051
288,5.0537187999580055,3.073,-0.578,-0.58,-0.582,-0.59,-1.297,-1.124,-1.172,-1.054,65.0,-295.0,-284.0,-549.0,-1.25,-1.297,-1.184,-1.164,-1.181,-20.43,-15.627,-0.332,-1.164,-0.583,0.0,0.0,0,0.065
289,5.071420399995986,3.073,-0.593,-0.594,-0.595,-0.601,-1.276,-1.182,-1.173,-1.022,-122.0,-232.0,-249.0,-619.0,-1.25,-1.276,-1.185,-1.166,-1.186,-20.88,-15.627,-0.343,-1.166,-0.596,0.0,0.0,0,-0.122
290,5.07637819997035,3.072,-0.606,-0.609,-0.608,-0.614,-1.218,-1.242,-1.145,-1.081,-250.0,-127.0,-320.0,-364.0,-1.25,-1.218,-1.185,-1.173,-1.189,-21.33,-15.627,-0.352,-1.173,-0.609,0.0,0.0,0,-0.25
291,5.095062599983066,3.071,-0.618,-0.623,-0.62,-0.629,-1.123,-1.243,-1.138,-1.179,-508.0,-147.0,-359.0,-148.0,-1.25,-1.123,-0.948,-1.173,-1.193,-21.69,-15.627,-0.36,-1.173,-0.623,0.0,0.0,0,-0.508
292,5.10028469999088,3.071,-0.63,-0.636,-0.634,-0.645,-1.081,-1.187,-1.169,-1.307,-474.0,-260.0,-179.0,165.0,-1.25,-1.081,-1.185,-1.187,-1.197,-21.96,-15.627,-0.367,-1.187,-0.636,0.0,0.0,0,-0.474
293,5.128639799950179,3.07,-0.642,-0.648,-0.647,-0.661,-1.058,-1.098,-1.163,-1.348,-524.0,-439.0,-312.0,-48.0,-1.25,-1.058,-0.948,-1.17,-1.195,-22.14,-15.627,-0.372,-1.17,-0.65,0.0,0.0,0,-0.524
294,5.135264299984556,3.069,-0.656,-0.659,-0.66,-0.676,-1.098,-1.026,-1.131,-1.339,-445.0,-705.0,-496.0,233.0,-1.25,-1.098,-1.185,-1.152,-1.178,-22.14,-15.627,-0.375,-1.152,-0.663,0.0,0.0,0,-0.445
295,5.139330099977087,3.07,-0.669,-0.671,-0.673,-0.688,-1.14,-1.029,-1.124,-1.268,-294.0,-632.0,-410.0,-193.0,-1.25,-1.14,-1.185,-1.144,-1.169,-22.05,-15.627,-0.375,-1.144,-0.675,0.0,0.0,0,-0.294
296,5.143320799979847,3.07,-0.683,-0.684,-0.687,-0.7,-1.216,-1.098,-1.177,-1.121,-207.0,-315.0,-241.0,-579.0,-1.25,-1.216,-1.185,-1.156,-1.176,-22.05,-15.627,-0.375,-1.156,-0.689,0.0,0.0,0,-0.207
297,5.159504299983382,3.069,-0.697,-0.699,-0.7,-0.711,-1.212,-1.204,-1.204,-1.013,-241.0,-67.0,-219.0,-704.0,-1.25,-1.212,-1.184,-1.161,-1.178,-21.96,-15.627,-0.374,-1.161,-0.702,0.0,0.0,0,-0.241
298,5.176289199967869,3.069,-0.709,-0.715,-0.714,-0.724,-1.132,-1.315,-1.211,-1.011,-619.0,163.0,-220.0,-488.0,-1.25,-1.132,-0.949,-1.17,-1.189,-21.87,-15.627,-0.372,-1.17,-0.715,0.0,0.0,0,-0.619
299,5.180733799992595,3.068,-0.722,-0.73,-0.727,-0.736,-1.08,-1.351,-1.136,-1.062,-606.0,119.0,-491.0,-388.0,-1.25,-1.08,-0.948,-1.16,-1.185,-21.69,-15.627,-0.369,-1.16,-0.729,0.0,0.0,0,-0.606
300,5.197372099966742,3.067,-0.735,-0.744,-0.739,-0.75,-1.079,-1.303,-1.079,-1.15,-372.0,-153.0,-605.0,-214.0,-1.25,-1.079,-1.186,-1.156,-1.176,-21.6,-15.627,-0.366,-1.156,-0.742,0.0,0.0,0,-0.372
301,5.202887899999041,3.066,-0.748,-0.757,-0.752,-0.764,-1.131,-1.196,-1.076,-1.235,-269.0,-368.0,-377.0,-45.0,-1.25,-1.131,-1.184,-1.161,-1.17,-21.42,-15.627,-0.363,-1.161,-0.755,0.0,0.0,0,-0.269
302,5.218626499990933,3.066,-0.763,-0.769,-0.764,-0.779,-1.194,-1.097,-1.097,-1.241,-264.0,-449.0,-337.0,-152.0,-1.25,-1.194,-1.184,-1.159,-1.174,-21.24,-15.627,-0.36,-1.159,-0.769,0.0,0.0,0,-0.264
303,5.236457999970298,3.065,-0.777,-0.78,-0.779,-0.792,-1.241,-1.048,-1.201,-1.17,-169.0,-549.0,47.0,-531.0,-1.25,-1.241,-1.185,-1.168,-1.187,-21.06,-15.627,-0.356,-1.168,-0.782,0.0,0.0,0,-0.169
304,5.250963800004683,3.065,-0.79,-0.793,-0.794,-0.805,-1.207,-1.055,-1.287,-1.128,-236.0,-419.0,219.0,-379.0,-1.25,-1.207,-1.185,-1.17,-1.175,-20.88,-15.627,-0.353,-1.17,-0.796,0.0,0.0,0,-0.236
305,5.260578599991277,3.064,-0.803,-0.807,-0.809,-0.817,-1.123,-1.123,-1.29,-1.091,-525.0,-285.0,-188.0,-454.0,-1.25,-1.123,-0.948,-1.16,-1.186,-20.7,-15.627,-0.349,-1.16,-0.809,0.0,0.0,0,-0.525
306,5.273814599961042,3.065,-0.814,-0.82,-0.821,-0.83,-1.063,-1.181,-1.243,-1.125,-637.0,-119.0,-313.0,-337.0,-1.25,-1.063,-0.948,-1.156,-1.177,-20.61,-15.627,-0.345,-1.156,-0.821,0.0,0.0,0,-0.637
307,5.2816713999491185,3.065,-0.826,-0.833,-0.834,-0.844,-1.058,-1.208,-1.168,-1.193,-603.0,-220.0,-340.0,-78.0,-1.25,-1.058,-0.948,-1.159,-1.175,-20.52,-15.627,-0.342,-1.159,-0.834,0.0,0.0,0,-0.603
308,5.286155299982056,3.064,-0.84,-0.847,-0.847,-0.859,-1.12,-1.184,-1.081,-1.249,-343.0,-399.0,-643.0,-140.0,-1.25,-1.12,-1.184,-1.162,-1.189,-20.43,-15.627,-0.341,-1.162,-0.848,0.0,0.0,0,-0.343
309,5.303888199967332,3.064,-0.854,-0.86,-0.861,-0.874,-1.188,-1.133,-1.124,-1.252,-165.0,-387.0,-287.0,-135.0,-1.25,-1.188,-1.421,-1.176,-1.186,-20.52,-15.627,-0.34,-1.176,-0.862,0.0,0.0,0,-0.165
310,5.311063300003298,3.063,-0.868,-0.872,-0.874,-0.886,-1.246,-1.101,-1.196,-1.189,-49.0,-452.0,33.0,-382.0,-1.25,-1.246,-1.422,-1.184,-1.194,-20.7,-15.627,-0.341,-1.184,-0.875,0.0,0.0,0,-0.049
311,5.33021159999771,3.062,-0.883,-0.886,-0.889,-0.898,-1.275,-1.121,-1.257,-1.097,-110.0,-414.0,36.0,-565.0,-1.25,-1.275,-1.185,-1.19,-1.21,-20.79,-15.627,-0.343,-1.19,-0.889,0.0,0.0,0,-0.11
312,5.336260599957313,3.062,-0.896,-0.9,-0.903,-0.911,-1.218,-1.201,-1.265,-1.05,-224.0,-137.0,-125.0,-662.0,-1.25,-1.218,-1.185,-1.186,-1.206,-21.06,-15.627,-0.346,-1.186,-0.903,0.0,0.0,0,-0.224
313,5.341746999998577,3.061,-0.909,-0.915,-0.917,-0.924,-1.134,-1.245,-1.213,-1.102,-512.0,-48.0,-347.0,-324.0,-1.25,-1.134,-0.948,-1.176,-1.196,-21.15,-15.627,-0.348,-1.176,-0.916,0.0,0.0,0,-0.512
314,5.360306199989282,3.061,-0.922,-0.929,-0.929,-0.939,-1.068,-1.252,-1.108,-1.18,-527.0,-154.0,-677.0,-169.0,-1.25,-1.068,-1.185,-1.155,-1.18,-21.42,-15.627,-0.352,-1.155,-0.93,0.0,0.0,0,-0.527
315,5.3705017999745905,3.06,-0.934,-0.942,-0.941,-0.953,-1.082,-1.196,-1.043,-1.234,-501.0,-266.0,-572.0,-178.0,-1.25,-1.082,-0.948,-1.141,-1.162,-21.51,-15.627,-0.356,-1.141,-0.943,0.0,0.0,0,-0.501
316,5.376919799949974,3.06,-0.948,-0.955,-0.954,-0.967,-1.142,-1.104,-1.062,-1.246,-384.0,-570.0,-417.0,-155.0,-1.25,-1.142,-1.185,-1.141,-1.161,-21.6,-15.627,-0.358,-1.141,-0.956,0.0,0.0,0,-0.384
317,5.403922399971634,3.059,-0.964,-0.967,-0.967,-0.98,-1.255,-1.065,-1.112,-1.16,-38.0,-531.0,-319.0,-565.0,-1.25,-1.255,-1.422,-1.151,-1.17,-21.69,-15.627,-0.36,-1.151,-0.969,0.0,0.0,0,-0.038
318,5.414143399975728,3.06,-0.978,-0.979,-0.981,-0.992,-1.347,-1.072,-1.181,-1.113,233.0,-449.0,-232.0,-594.0,-1.25,-1.347,-1.422,-1.18,-1.193,-21.87,-15.627,-0.361,-1.18,-0.982,0.0,0.0,0,0.233
319,5.421215199981816,3.062,-0.992,-0.992,-0.995,-1.003,-1.359,-1.118,-1.248,-1.08,111.0,-311.0,-49.0,-492.0,-1.25,-1.359,-1.185,-1.203,-1.212,-21.96,-15.627,-0.363,-1.203,-0.995,0.0,0.0,0,0.111
320,5.425433799973689,3.063,-1.007,-1.006,-1.01,-1.016,-1.342,-1.182,-1.302,-1.083,79.0,-184.0,-60.0,-486.0,-1.25,-1.342,-1.423,-1.229,-1.244,-22.14,-15.627,-0.364,-1.229,-1.009,0.0,0.0,0,0.079
321,5.4294248999794945,3.063,-1.019,-1.02,-1.025,-1.03,-1.212,-1.238,-1.305,-1.17,-479.0,-191.0,-53.0,-196.0,-1.25,-1.212,-0.948,-1.235,-1.261,-22.23,-15.627,-0.369,-1.235,-1.024,0.0,0.0,0,-0.479
322,5.443797699990682,3.062,-1.032,-1.034,-1.038,-1.046,-1.109,-1.212,-1.221,-1.299,-509.0,-272.0,-435.0,157.0,-1.25,-1.109,-1.185,-1.214,-1.242,-22.41,-15.627,-0.372,-1.214,-1.038,0.0,0.0,0,-0.509
323,5.461620199959725,3.062,-1.045,-1.046,-1.051,-1.063,-1.061,-1.109,-1.1,-1.362,-427.0,-687.0,-700.0,130.0,-1.25,-1.061,-1.185,-1.163,-1.2,-22.5,-15.627,-0.375,-1.163,-1.052,0.0,0.0,0,-0.427
324,5.466307099966798,3.062,-1.058,-1.059,-1.063,-1.078,-1.104,-1.049,-1.032,-1.358,-343.0,-690.0,-601.0,-54.0,-1.25,-1.104,-1.185,-1.139,-1.165,-22.68,-15.627,-0.377,-1.139,-1.065,0.0,0.0,0,-0.343
325,5.487909999967087,3.061,-1.072,-1.072,-1.075,-1.093,-1.145,-1.074,-1.01,-1.304,-381.0,-406.0,-767.0,-161.0,-1.25,-1.145,-1.184,-1.136,-1.16,-22.77,-15.627,-0.38,-1.136,-1.078,0.0,0.0,0,-0.381
326,5.494536399957724,3.062,-1.084,-1.084,-1.087,-1.104,-1.2,-1.105,-1.05,-1.201,-220.0,-411.0,-596.0,-439.0,-1.25,-1.2,-1.186,-1.142,-1.166,-22.95,-15.627,-0.381,-1.142,-1.09,0.0,0.0,0,-0.22
327,5.513656799972523,3.062,-1.099,-1.099,-1.102,-1.116,-1.228,-1.189,-1.165,-1.078,-190.0,-270.0,-156.0,-669.0,-1.25,-1.228,-1.184,-1.167,-1.184,-23.13,-15.627,-0.385,-1.167,-1.104,0.0,0.0,0,-0.19
328,5.519062399980612,3.061,-1.111,-1.114,-1.118,-1.126,-1.222,-1.258,-1.329,-0.974,-216.0,-146.0,175.0,-741.0,-1.25,-1.222,-1.186,-1.197,-1.211,-23.31,-15.627,-0.389,-1.197,-1.117,0.0,0.0,0,-0.216
329,5.52308339998126,3.062,-1.122,-1.127,-1.134,-1.136,-1.164,-1.293,-1.45,-0.972,-341.0,51.0,369.0,-744.0,-1.25,-1.164,-1.185,-1.221,-1.234,-23.49,-15.627,-0.39,-1.221,-1.13,0.0,0.0,0,-0.341
330,5.541108199977316,3.061,-1.135,-1.142,-1.152,-1.149,-1.115,-1.257,-1.534,-1.037,-400.0,-253.0,604.0,-452.0,-1.25,-1.115,-1.186,-1.237,-1.247,-23.67,-15.627,-0.394,-1.237,-1.144,0.0,0.0,0,-0.4
331,5.546724799962249,3.061,-1.149,-1.155,-1.169,-1.164,-1.122,-1.186,-1.504,-1.153,-376.0,-517.0,347.0,-260.0,-1.25,-1.122,-1.185,-1.244,-1.268,-23.76,-15.627,-0.397,-1.244,-1.159,0.0,0.0,0,-0.376
332,5.5648505999706686,3.062,-1.161,-1.166,-1.183,-1.178,-1.157,-1.142,-1.449,-1.251,-314.0,-425.0,253.0,67.0,-1.25,-1.157,-1.185,-1.252,-1.266,-23.85,-15.627,-0.398,-1.252,-1.172,0.0,0.0,0,-0.314
333,5.569691599986982,3.061,-1.175,-1.179,-1.196,-1.195,-1.188,-1.132,-1.281,-1.371,-278.0,-388.0,-355.0,241.0,-1.25,-1.188,-1.186,-1.246,-1.271,-23.94,-15.627,-0.401,-1.246,-1.186,0.0,0.0,0,-0.278
334,5.586601299990434,3.061,-1.188,-1.193,-1.208,-1.211,-1.184,-1.176,-1.105,-1.401,-319.0,-260.0,-692.0,236.0,-1.25,-1.184,-1.185,-1.22,-1.247,-24.03,-15.627,-0.403,-1.22,-1.2,0.0,0.0,0,-0.319
335,5.5912417999934405,3.061,-1.202,-1.207,-1.217,-1.226,-1.177,-1.193,-0.923,-1.337,-325.0,-291.0,-830.0,-104.0,-1.25,-1.177,-1.185,-1.163,-1.2,-24.12,-15.627,-0.405,-1.163,-1.214,0.0,0.0,0,-0.325
336,5.611389499972574,3.06,-1.215,-1.221,-1.227,-1.239,-1.167,-1.183,-0.85,-1.215,-346.0,-312.0,-830.0,-347.0,-1.25,-1.167,-1.185,-1.107,-1.135,-24.3,-15.627,-0.407,-1.107,-1.226,0.0,0.0,0,-0.346
337,5.6167648999835365,3.061,-1.228,-1.233,-1.236,-1.249,-1.175,-1.183,-0.852,-1.113,-303.0,-325.0,-830.0,-604.0,-1.25,-1.175,-1.185,-1.084,-1.11,-24.39,-15.627,-0.408,-1.084,-1.237,0.0,0.0,0,-0.303
338,5.636414699954912,3.06,-1.241,-1.247,-1.247,-1.259,-1.192,-1.183,-0.929,-0.992,-242.0,-298.0,-757.0,-781.0,-1.25,-1.192,-1.185,-1.076,-1.094,-24.48,-15.627,-0.411,-1.076,-1.249,0.0,0.0,0,-0.242
339,5.641698999970686,3.061,-1.253,-1.259,-1.258,-1.269,-1.164,-1.186,-0.989,-0.965,-476.0,-310.0,-706.0,-738.0,-1.25,-1.164,-0.946,-1.079,-1.104,-24.48,-15.627,-0.411,-1.079,-1.26,0.0,0.0,0,-0.476
340,5.645695899962448,3.061,-1.266,-1.273,-1.273,-1.281,-1.127,-1.182,-1.151,-0.993,-455.0,-299.0,-111.0,-649.0,-1.25,-1.127,-1.184,-1.114,-1.121,-24.57,-15.627,-0.413,-1.114,-1.273,0.0,0.0,0,-0.455
341,5.662666699965484,3.06,-1.28,-1.286,-1.288,-1.295,-1.128,-1.175,-1.263,-1.112,-413.0,-354.0,75.0,-196.0,-1.25,-1.128,-1.185,-1.17,-1.17,-24.57,-15.627,-0.414,-1.17,-1.287,0.0,0.0,0,-0.413
342,5.691451099992264,3.06,-1.294,-1.299,-1.303,-1.311,-1.164,-1.155,-1.3,-1.235,-359.0,-373.0,-202.0,-82.0,-1.25,-1.164,-1.185,-1.216,-1.234,-24.57,-15.627,-0.415,-1.216,-1.301,0.0,0.0,0,-0.359
343,5.710108599974774,3.061,-1.306,-1.311,-1.315,-1.325,-1.201,-1.161,-1.273,-1.374,-276.0,-354.0,-168.0,265.0,-1.25,-1.201,-1.185,-1.254,-1.268,-24.48,-15.627,-0.413,-1.254,-1.314,0.0,0.0,0,-0.276
344,5.721918099967297,3.061,-1.319,-1.324,-1.327,-1.34,-1.207,-1.183,-1.217,-1.428,-274.0,-202.0,-369.0,244.0,-1.25,-1.207,-1.184,-1.261,-1.281,-24.48,-15.627,-0.412,-1.261,-1.327,0.0,0.0,0,-0.274
345,5.726196699950378,3.063,-1.333,-1.338,-1.338,-1.357,-1.204,-1.212,-1.115,-1.449,-281.0,-144.0,-691.0,289.0,-1.25,-1.204,-1.185,-1.249,-1.275,-24.39,-15.627,-0.41,-1.249,-1.342,0.0,0.0,0,-0.281
346,5.730156899953727,3.067,-1.345,-1.35,-1.349,-1.371,-1.189,-1.211,-1.073,-1.443,-365.0,-282.0,-674.0,307.0,-1.25,-1.189,-1.183,-1.234,-1.269,-24.39,-15.627,-0.407,-1.234,-1.354,0.0,0.0,0,-0.365
347,5.734117999963928,3.067,-1.356,-1.361,-1.359,-1.383,-1.158,-1.179,-1.042,-1.349,-408.0,-442.0,-679.0,-117.0,-1.25,-1.158,-1.185,-1.187,-1.226,-24.39,-15.627,-0.408,-1.187,-1.366,0.0,0.0,0,-0.408
348,5.7380854999646544,3.068,-1.368,-1.373,-1.371,-1.394,-1.152,-1.126,-1.046,-1.217,-399.0,-567.0,-518.0,-481.0,-1.25,-1.152,-1.185,-1.14,-1.176,-24.48,-15.627,-0.409,-1.14,-1.377,0.0,0.0,0,-0.399
349,5.742046299972571,3.068,-1.382,-1.387,-1.385,-1.405,-1.18,-1.125,-1.158,-1.037,-214.0,-440.0,-141.0,-828.0,-1.25,-1.18,-1.419,-1.127,-1.143,-24.57,-15.627,-0.411,-1.127,-1.39,0.0,0.0,0,-0.214
350,5.757908199972007,3.068,-1.395,-1.399,-1.399,-1.414,-1.228,-1.164,-1.26,-0.95,-119.0,-244.0,124.0,-830.0,-1.25,-1.228,-1.422,-1.151,-1.155,-24.66,-15.627,-0.412,-1.151,-1.401,0.0,0.0,0,-0.119
